{
  "resourceType" : "CodeSystem",
  "id" : "BREtniaIndigena",
  "text" : {
    "status" : "generated",
    "div" : "<div xmlns=\"http://www.w3.org/1999/xhtml\"><p>This code system <code>https://prefeitura-rio.github.io/sms-rjcore-fhir/CodeSystem/BREtniaIndigena</code> defines the following codes:</p><table class=\"codes\"><tr><td style=\"white-space:nowrap\"><b>Code</b></td><td><b>Display</b></td></tr><tr><td style=\"white-space:nowrap\">0001<a name=\"BREtniaIndigena-0001\"> </a></td><td>ACONA (WAKONAS, NACONAS, JAKONA, ACORA­NES)</td></tr><tr><td style=\"white-space:nowrap\">0002<a name=\"BREtniaIndigena-0002\"> </a></td><td>AIKANA (AIKANA, MAS SAKA,TUBARAO)</td></tr><tr><td style=\"white-space:nowrap\">0003<a name=\"BREtniaIndigena-0003\"> </a></td><td>AJURU</td></tr><tr><td style=\"white-space:nowrap\">0004<a name=\"BREtniaIndigena-0004\"> </a></td><td>AKUNSU (AKUNT'SU)</td></tr><tr><td style=\"white-space:nowrap\">0005<a name=\"BREtniaIndigena-0005\"> </a></td><td>AMANAYE</td></tr><tr><td style=\"white-space:nowrap\">0006<a name=\"BREtniaIndigena-0006\"> </a></td><td>AMONDAWA</td></tr><tr><td style=\"white-space:nowrap\">0007<a name=\"BREtniaIndigena-0007\"> </a></td><td>ANAMBE</td></tr><tr><td style=\"white-space:nowrap\">0008<a name=\"BREtniaIndigena-0008\"> </a></td><td>APARAI (APALAI)</td></tr><tr><td style=\"white-space:nowrap\">0009<a name=\"BREtniaIndigena-0009\"> </a></td><td>APIAKA (APIACA)</td></tr><tr><td style=\"white-space:nowrap\">0010<a name=\"BREtniaIndigena-0010\"> </a></td><td>APINAYE (APINAJE/APINAIE/APINAGE)</td></tr><tr><td style=\"white-space:nowrap\">0011<a name=\"BREtniaIndigena-0011\"> </a></td><td>APURINA (APORINA, IPURINA, IPURINA, IPURI­NAN)</td></tr><tr><td style=\"white-space:nowrap\">0012<a name=\"BREtniaIndigena-0012\"> </a></td><td>ARANA (ARACUAI DO VALE DO JEQUITINHONHA)</td></tr><tr><td style=\"white-space:nowrap\">0013<a name=\"BREtniaIndigena-0013\"> </a></td><td>ARAPASO (ARAPACO)</td></tr><tr><td style=\"white-space:nowrap\">0014<a name=\"BREtniaIndigena-0014\"> </a></td><td>ARARA DE RONDONIA (KARO, URUCU, URUKU)</td></tr><tr><td style=\"white-space:nowrap\">0015<a name=\"BREtniaIndigena-0015\"> </a></td><td>ARARA DO ACRE (SHAWANAUA, AMAWAKA)</td></tr><tr><td style=\"white-space:nowrap\">0016<a name=\"BREtniaIndigena-0016\"> </a></td><td>ARARA DO ARIPUANA (ARARA DO BEIRADAO/ARI­PUANA)</td></tr><tr><td style=\"white-space:nowrap\">0017<a name=\"BREtniaIndigena-0017\"> </a></td><td>ARARA DO PARA (UKARAGMA, UKARAMMA)</td></tr><tr><td style=\"white-space:nowrap\">0018<a name=\"BREtniaIndigena-0018\"> </a></td><td>ARAWETE (ARAUETE)</td></tr><tr><td style=\"white-space:nowrap\">0019<a name=\"BREtniaIndigena-0019\"> </a></td><td>ARIKAPU (ARICAPU, ARIKAPO, MASUBI, MAXUBI)</td></tr><tr><td style=\"white-space:nowrap\">0020<a name=\"BREtniaIndigena-0020\"> </a></td><td>ARIKEM (ARIQUEN, ARIQUEME, ARIKEME)</td></tr><tr><td style=\"white-space:nowrap\">0021<a name=\"BREtniaIndigena-0021\"> </a></td><td>ARIKOSE (ARICOBE)</td></tr><tr><td style=\"white-space:nowrap\">0022<a name=\"BREtniaIndigena-0022\"> </a></td><td>ARUA</td></tr><tr><td style=\"white-space:nowrap\">0023<a name=\"BREtniaIndigena-0023\"> </a></td><td>ARUAK (ARAWAK)</td></tr><tr><td style=\"white-space:nowrap\">0024<a name=\"BREtniaIndigena-0024\"> </a></td><td>ASHANINKA (KAMPA)</td></tr><tr><td style=\"white-space:nowrap\">0025<a name=\"BREtniaIndigena-0025\"> </a></td><td>ASURINI DO TOCANTINS (AKUAWA/AKWAWA)</td></tr><tr><td style=\"white-space:nowrap\">0026<a name=\"BREtniaIndigena-0026\"> </a></td><td>ASURINI DO XINGU (AWAETE)</td></tr><tr><td style=\"white-space:nowrap\">0027<a name=\"BREtniaIndigena-0027\"> </a></td><td>ATIKUM (ATICUM)</td></tr><tr><td style=\"white-space:nowrap\">0028<a name=\"BREtniaIndigena-0028\"> </a></td><td>AVA - CANOEIRO</td></tr><tr><td style=\"white-space:nowrap\">0029<a name=\"BREtniaIndigena-0029\"> </a></td><td>AWETI (AUETI/AUETO)</td></tr><tr><td style=\"white-space:nowrap\">0030<a name=\"BREtniaIndigena-0030\"> </a></td><td>BAKAIRI (KURA, BACAIRI)</td></tr><tr><td style=\"white-space:nowrap\">0031<a name=\"BREtniaIndigena-0031\"> </a></td><td>BANAWA YAFI (BANAWA, BANAWA-JAFI)</td></tr><tr><td style=\"white-space:nowrap\">0032<a name=\"BREtniaIndigena-0032\"> </a></td><td>BANIWA (BANIUA, BANIVA, WALIMANAI, WAKUE­NAI)</td></tr><tr><td style=\"white-space:nowrap\">0033<a name=\"BREtniaIndigena-0033\"> </a></td><td>BARA (WAIPINOMAKA)</td></tr><tr><td style=\"white-space:nowrap\">0034<a name=\"BREtniaIndigena-0034\"> </a></td><td>BARASANA (HANERA)</td></tr><tr><td style=\"white-space:nowrap\">0035<a name=\"BREtniaIndigena-0035\"> </a></td><td>BARE</td></tr><tr><td style=\"white-space:nowrap\">0036<a name=\"BREtniaIndigena-0036\"> </a></td><td>BORORO (BOE)</td></tr><tr><td style=\"white-space:nowrap\">0037<a name=\"BREtniaIndigena-0037\"> </a></td><td>BOTOCUDO (GEREN)</td></tr><tr><td style=\"white-space:nowrap\">0038<a name=\"BREtniaIndigena-0038\"> </a></td><td>CANOE</td></tr><tr><td style=\"white-space:nowrap\">0039<a name=\"BREtniaIndigena-0039\"> </a></td><td>CASSUPA</td></tr><tr><td style=\"white-space:nowrap\">0040<a name=\"BREtniaIndigena-0040\"> </a></td><td>CHAMACOCO</td></tr><tr><td style=\"white-space:nowrap\">0041<a name=\"BREtniaIndigena-0041\"> </a></td><td>CHIQUITANO (XIQUITANO)</td></tr><tr><td style=\"white-space:nowrap\">0042<a name=\"BREtniaIndigena-0042\"> </a></td><td>CIKIYANA (SIKIANA)</td></tr><tr><td style=\"white-space:nowrap\">0043<a name=\"BREtniaIndigena-0043\"> </a></td><td>CINTA LARGA (MATETAMAE)</td></tr><tr><td style=\"white-space:nowrap\">0044<a name=\"BREtniaIndigena-0044\"> </a></td><td>COLUMBIARA (CORUMBIARA)</td></tr><tr><td style=\"white-space:nowrap\">0045<a name=\"BREtniaIndigena-0045\"> </a></td><td>DENI</td></tr><tr><td style=\"white-space:nowrap\">0046<a name=\"BREtniaIndigena-0046\"> </a></td><td>DESANA (DESANA, DESANO, DESSANO, WIRA, UMUKOMASA)</td></tr><tr><td style=\"white-space:nowrap\">0047<a name=\"BREtniaIndigena-0047\"> </a></td><td>DIAHUI (JAHOI, JAHUI, DIARROI)</td></tr><tr><td style=\"white-space:nowrap\">0048<a name=\"BREtniaIndigena-0048\"> </a></td><td>ENAWENE-NAWE (SALUMA)</td></tr><tr><td style=\"white-space:nowrap\">0049<a name=\"BREtniaIndigena-0049\"> </a></td><td>FULNI-O</td></tr><tr><td style=\"white-space:nowrap\">0050<a name=\"BREtniaIndigena-0050\"> </a></td><td>GALIBI (GALIBI DO OIAPOQUE, KARINHA)</td></tr><tr><td style=\"white-space:nowrap\">0051<a name=\"BREtniaIndigena-0051\"> </a></td><td>GALIBI MARWORNO (GALIBI DO UACA, ARUA)</td></tr><tr><td style=\"white-space:nowrap\">0052<a name=\"BREtniaIndigena-0052\"> </a></td><td>GAVIAO DE RONDONIA (DIGUT)</td></tr><tr><td style=\"white-space:nowrap\">0053<a name=\"BREtniaIndigena-0053\"> </a></td><td>GAVIAO KRIKATEJE</td></tr><tr><td style=\"white-space:nowrap\">0054<a name=\"BREtniaIndigena-0054\"> </a></td><td>GAVIAO PARKATEJE (PARKATEJE)</td></tr><tr><td style=\"white-space:nowrap\">0055<a name=\"BREtniaIndigena-0055\"> </a></td><td>GAVIAO PUKOBIE (PUKOBIE, PYKOPJE, GAVIAO DO MARANHAO)</td></tr><tr><td style=\"white-space:nowrap\">0056<a name=\"BREtniaIndigena-0056\"> </a></td><td>GUAJA (AWA, AVA)</td></tr><tr><td style=\"white-space:nowrap\">0057<a name=\"BREtniaIndigena-0057\"> </a></td><td>GUAJAJARA (TENETEHARA)</td></tr><tr><td style=\"white-space:nowrap\">0058<a name=\"BREtniaIndigena-0058\"> </a></td><td>GUARANI KAIOWA (PAI TAVYTERA)</td></tr><tr><td style=\"white-space:nowrap\">0059<a name=\"BREtniaIndigena-0059\"> </a></td><td>GUARANI M'BYA</td></tr><tr><td style=\"white-space:nowrap\">0060<a name=\"BREtniaIndigena-0060\"> </a></td><td>GUARANI NANDEVA (AVAKATUETE, CHIRIPA, NHANDEWA, AVA GUARANI)</td></tr><tr><td style=\"white-space:nowrap\">0061<a name=\"BREtniaIndigena-0061\"> </a></td><td>GUATO</td></tr><tr><td style=\"white-space:nowrap\">0062<a name=\"BREtniaIndigena-0062\"> </a></td><td>HIMARIMA (HIMERIMA)</td></tr><tr><td style=\"white-space:nowrap\">0063<a name=\"BREtniaIndigena-0063\"> </a></td><td>INGARIKO (INGARICO, AKAWAIO, KAPON)</td></tr><tr><td style=\"white-space:nowrap\">0064<a name=\"BREtniaIndigena-0064\"> </a></td><td>IRANXE (IRANTXE)</td></tr><tr><td style=\"white-space:nowrap\">0065<a name=\"BREtniaIndigena-0065\"> </a></td><td>ISSE</td></tr><tr><td style=\"white-space:nowrap\">0066<a name=\"BREtniaIndigena-0066\"> </a></td><td>JABOTI (JABUTI, KIPIU, YABYTI)</td></tr><tr><td style=\"white-space:nowrap\">0067<a name=\"BREtniaIndigena-0067\"> </a></td><td>JAMAMADI (YAMAMADI, DJEOROMITXI)</td></tr><tr><td style=\"white-space:nowrap\">0068<a name=\"BREtniaIndigena-0068\"> </a></td><td>JARAWARA</td></tr><tr><td style=\"white-space:nowrap\">0069<a name=\"BREtniaIndigena-0069\"> </a></td><td>JIRIPANCO (JERIPANCO, GERIPANCO)</td></tr><tr><td style=\"white-space:nowrap\">0070<a name=\"BREtniaIndigena-0070\"> </a></td><td>JUMA (YUMA)</td></tr><tr><td style=\"white-space:nowrap\">0071<a name=\"BREtniaIndigena-0071\"> </a></td><td>JURUNA</td></tr><tr><td style=\"white-space:nowrap\">0072<a name=\"BREtniaIndigena-0072\"> </a></td><td>JURUTI (YURITI)</td></tr><tr><td style=\"white-space:nowrap\">0073<a name=\"BREtniaIndigena-0073\"> </a></td><td>KAAPOR (URUBU-KAAPOR, KA'APOR, KAAPORTE)</td></tr><tr><td style=\"white-space:nowrap\">0074<a name=\"BREtniaIndigena-0074\"> </a></td><td>KADIWEU (CADUVEO, CADIUEU)</td></tr><tr><td style=\"white-space:nowrap\">0075<a name=\"BREtniaIndigena-0075\"> </a></td><td>KAIABI (CAIABI, KAYABI)</td></tr><tr><td style=\"white-space:nowrap\">0076<a name=\"BREtniaIndigena-0076\"> </a></td><td>KAIMBE (CAIMBE)</td></tr><tr><td style=\"white-space:nowrap\">0077<a name=\"BREtniaIndigena-0077\"> </a></td><td>KAINGANG (CAINGANGUE)</td></tr><tr><td style=\"white-space:nowrap\">0078<a name=\"BREtniaIndigena-0078\"> </a></td><td>KAIXANA (CAIXANA)</td></tr><tr><td style=\"white-space:nowrap\">0079<a name=\"BREtniaIndigena-0079\"> </a></td><td>KALABASSA (CALABASSA, CALABACAS)</td></tr><tr><td style=\"white-space:nowrap\">0080<a name=\"BREtniaIndigena-0080\"> </a></td><td>KALANCO</td></tr><tr><td style=\"white-space:nowrap\">0081<a name=\"BREtniaIndigena-0081\"> </a></td><td>KALAPALO (CALAPALO)</td></tr><tr><td style=\"white-space:nowrap\">0082<a name=\"BREtniaIndigena-0082\"> </a></td><td>KAMAYURA (CAMAIURA, KAMAIURA)</td></tr><tr><td style=\"white-space:nowrap\">0083<a name=\"BREtniaIndigena-0083\"> </a></td><td>KAMBA (CAMBA)</td></tr><tr><td style=\"white-space:nowrap\">0084<a name=\"BREtniaIndigena-0084\"> </a></td><td>KAMBEBA (CAMBEBA, OMAGUA)</td></tr><tr><td style=\"white-space:nowrap\">0085<a name=\"BREtniaIndigena-0085\"> </a></td><td>KAMBIWA (CAMBIUA)</td></tr><tr><td style=\"white-space:nowrap\">0086<a name=\"BREtniaIndigena-0086\"> </a></td><td>KAMBIWA PIPIPA (PIPIPA)</td></tr><tr><td style=\"white-space:nowrap\">0087<a name=\"BREtniaIndigena-0087\"> </a></td><td>KAMPE</td></tr><tr><td style=\"white-space:nowrap\">0088<a name=\"BREtniaIndigena-0088\"> </a></td><td>KANAMANTI (KANAMATI, CANAMANTI)</td></tr><tr><td style=\"white-space:nowrap\">0089<a name=\"BREtniaIndigena-0089\"> </a></td><td>KANAMARI (CANAMARI, KANAMARY, TUKUNA)</td></tr><tr><td style=\"white-space:nowrap\">0090<a name=\"BREtniaIndigena-0090\"> </a></td><td>KANELA APANIEKRA (CANELA)</td></tr><tr><td style=\"white-space:nowrap\">0091<a name=\"BREtniaIndigena-0091\"> </a></td><td>KANELA RANKOKAMEKRA (CANELA)</td></tr><tr><td style=\"white-space:nowrap\">0092<a name=\"BREtniaIndigena-0092\"> </a></td><td>KANINDE</td></tr><tr><td style=\"white-space:nowrap\">0093<a name=\"BREtniaIndigena-0093\"> </a></td><td>KANOE (CANOE)</td></tr><tr><td style=\"white-space:nowrap\">0094<a name=\"BREtniaIndigena-0094\"> </a></td><td>KANTARURE (CANTARURE)</td></tr><tr><td style=\"white-space:nowrap\">0095<a name=\"BREtniaIndigena-0095\"> </a></td><td>KAPINAWA (CAPINAUA)</td></tr><tr><td style=\"white-space:nowrap\">0096<a name=\"BREtniaIndigena-0096\"> </a></td><td>KARAJA (CARAJA)</td></tr><tr><td style=\"white-space:nowrap\">0097<a name=\"BREtniaIndigena-0097\"> </a></td><td>KARAJA/JAVAE (JAVAE)</td></tr><tr><td style=\"white-space:nowrap\">0098<a name=\"BREtniaIndigena-0098\"> </a></td><td>KARAJA/XAMBIOA (KARAJA DO NORTE)</td></tr><tr><td style=\"white-space:nowrap\">0099<a name=\"BREtniaIndigena-0099\"> </a></td><td>KARAPANA (CARAPANA, MUTEAMASA, UKOPINO­PONA)</td></tr><tr><td style=\"white-space:nowrap\">0100<a name=\"BREtniaIndigena-0100\"> </a></td><td>KARAPOTO (CARAPOTO)</td></tr><tr><td style=\"white-space:nowrap\">0101<a name=\"BREtniaIndigena-0101\"> </a></td><td>KARIPUNA (CARIPUNA)</td></tr><tr><td style=\"white-space:nowrap\">0102<a name=\"BREtniaIndigena-0102\"> </a></td><td>KARIPUNA DO AMAPA (CARIPUNA)</td></tr><tr><td style=\"white-space:nowrap\">0103<a name=\"BREtniaIndigena-0103\"> </a></td><td>KARIRI (CARIRI)</td></tr><tr><td style=\"white-space:nowrap\">0104<a name=\"BREtniaIndigena-0104\"> </a></td><td>KARIRI-XOCO (CARIRI-CHOCO)</td></tr><tr><td style=\"white-space:nowrap\">0105<a name=\"BREtniaIndigena-0105\"> </a></td><td>KARITIANA (CARITIANA)</td></tr><tr><td style=\"white-space:nowrap\">0106<a name=\"BREtniaIndigena-0106\"> </a></td><td>KATAWIXI (KATAUIXI, KATAWIN, KATAWISI, CATAUICHI)</td></tr><tr><td style=\"white-space:nowrap\">0107<a name=\"BREtniaIndigena-0107\"> </a></td><td>KATUENA (CATUENA, KATWENA)</td></tr><tr><td style=\"white-space:nowrap\">0108<a name=\"BREtniaIndigena-0108\"> </a></td><td>KATUKINA (PEDA DJAPA)</td></tr><tr><td style=\"white-space:nowrap\">0109<a name=\"BREtniaIndigena-0109\"> </a></td><td>KATUKINA DO ACRE</td></tr><tr><td style=\"white-space:nowrap\">0110<a name=\"BREtniaIndigena-0110\"> </a></td><td>KAXARARI (CAXARARI)</td></tr><tr><td style=\"white-space:nowrap\">0111<a name=\"BREtniaIndigena-0111\"> </a></td><td>KAXINAWA (HUNI-KUIN, CASHINAUA, CAXINAUA)</td></tr><tr><td style=\"white-space:nowrap\">0112<a name=\"BREtniaIndigena-0112\"> </a></td><td>KAXIXO</td></tr><tr><td style=\"white-space:nowrap\">0113<a name=\"BREtniaIndigena-0113\"> </a></td><td>KAXUYANA (CAXUIANA)</td></tr><tr><td style=\"white-space:nowrap\">0114<a name=\"BREtniaIndigena-0114\"> </a></td><td>KAYAPO (CAIAPO)</td></tr><tr><td style=\"white-space:nowrap\">0115<a name=\"BREtniaIndigena-0115\"> </a></td><td>KAYAPO KARARAO (KARARAO)</td></tr><tr><td style=\"white-space:nowrap\">0116<a name=\"BREtniaIndigena-0116\"> </a></td><td>KAYAPO TXUKAHAMAE (TXUKAHAMAE)</td></tr><tr><td style=\"white-space:nowrap\">0117<a name=\"BREtniaIndigena-0117\"> </a></td><td>KAYAPO XICRIM (XIKRIN)</td></tr><tr><td style=\"white-space:nowrap\">0118<a name=\"BREtniaIndigena-0118\"> </a></td><td>KAYUISANA (CAIXANA, CAUIXANA, KAIXANA)</td></tr><tr><td style=\"white-space:nowrap\">0119<a name=\"BREtniaIndigena-0119\"> </a></td><td>KINIKINAWA (GUAN, KOINUKOEN, KINIKINAO)</td></tr><tr><td style=\"white-space:nowrap\">0120<a name=\"BREtniaIndigena-0120\"> </a></td><td>KIRIRI</td></tr><tr><td style=\"white-space:nowrap\">0121<a name=\"BREtniaIndigena-0121\"> </a></td><td>KOCAMA (COCAMA, KOKAMA)</td></tr><tr><td style=\"white-space:nowrap\">0122<a name=\"BREtniaIndigena-0122\"> </a></td><td>KOKUIREGATEJE</td></tr><tr><td style=\"white-space:nowrap\">0123<a name=\"BREtniaIndigena-0123\"> </a></td><td>KORUBO</td></tr><tr><td style=\"white-space:nowrap\">0124<a name=\"BREtniaIndigena-0124\"> </a></td><td>KRAHO (CRAO, KRAO)</td></tr><tr><td style=\"white-space:nowrap\">0125<a name=\"BREtniaIndigena-0125\"> </a></td><td>KREJE (KRENYE)</td></tr><tr><td style=\"white-space:nowrap\">0126<a name=\"BREtniaIndigena-0126\"> </a></td><td>KRENAK (BORUN, CRENAQUE)</td></tr><tr><td style=\"white-space:nowrap\">0127<a name=\"BREtniaIndigena-0127\"> </a></td><td>KRIKATI (KRINKATI)</td></tr><tr><td style=\"white-space:nowrap\">0128<a name=\"BREtniaIndigena-0128\"> </a></td><td>KUBEO (CUBEO, COBEWA, KUBEWA, PAMIWA, CU­BEU)</td></tr><tr><td style=\"white-space:nowrap\">0129<a name=\"BREtniaIndigena-0129\"> </a></td><td>KUIKURO (KUIKURU, CUICURO)</td></tr><tr><td style=\"white-space:nowrap\">0130<a name=\"BREtniaIndigena-0130\"> </a></td><td>KUJUBIM (KUYUBI, CUJUBIM)</td></tr><tr><td style=\"white-space:nowrap\">0131<a name=\"BREtniaIndigena-0131\"> </a></td><td>KULINA PANO (CULINA)</td></tr><tr><td style=\"white-space:nowrap\">0132<a name=\"BREtniaIndigena-0132\"> </a></td><td>KULINA/MADIHA (CULINA, MADIJA, MADIHA)</td></tr><tr><td style=\"white-space:nowrap\">0133<a name=\"BREtniaIndigena-0133\"> </a></td><td>KURIPAKO (CURIPACO, CURRIPACO, CORIPACO, WAKUENAI)</td></tr><tr><td style=\"white-space:nowrap\">0134<a name=\"BREtniaIndigena-0134\"> </a></td><td>KURUAIA (CURUAIA)</td></tr><tr><td style=\"white-space:nowrap\">0135<a name=\"BREtniaIndigena-0135\"> </a></td><td>KWAZA (COAIA, KOAIA)</td></tr><tr><td style=\"white-space:nowrap\">0136<a name=\"BREtniaIndigena-0136\"> </a></td><td>MACHINERI (MANCHINERI, MANXINERI)</td></tr><tr><td style=\"white-space:nowrap\">0137<a name=\"BREtniaIndigena-0137\"> </a></td><td>MACURAP (MAKURAP)</td></tr><tr><td style=\"white-space:nowrap\">0138<a name=\"BREtniaIndigena-0138\"> </a></td><td>MAKU DOW (DOW)</td></tr><tr><td style=\"white-space:nowrap\">0139<a name=\"BREtniaIndigena-0139\"> </a></td><td>MAKU HUPDA (HUPDA)</td></tr><tr><td style=\"white-space:nowrap\">0140<a name=\"BREtniaIndigena-0140\"> </a></td><td>MAKU NADEB (NADEB)</td></tr><tr><td style=\"white-space:nowrap\">0141<a name=\"BREtniaIndigena-0141\"> </a></td><td>MAKU YUHUPDE (YUHUPDE)</td></tr><tr><td style=\"white-space:nowrap\">0142<a name=\"BREtniaIndigena-0142\"> </a></td><td>MAKUNA (MACUNA, YEBA-MASA)</td></tr><tr><td style=\"white-space:nowrap\">0143<a name=\"BREtniaIndigena-0143\"> </a></td><td>MAKUXI (MACUXI, MACHUSI, PEMON)</td></tr><tr><td style=\"white-space:nowrap\">0144<a name=\"BREtniaIndigena-0144\"> </a></td><td>MARIMAM (MARIMA)</td></tr><tr><td style=\"white-space:nowrap\">0145<a name=\"BREtniaIndigena-0145\"> </a></td><td>MARUBO</td></tr><tr><td style=\"white-space:nowrap\">0146<a name=\"BREtniaIndigena-0146\"> </a></td><td>MATIPU</td></tr><tr><td style=\"white-space:nowrap\">0147<a name=\"BREtniaIndigena-0147\"> </a></td><td>MATIS</td></tr><tr><td style=\"white-space:nowrap\">0148<a name=\"BREtniaIndigena-0148\"> </a></td><td>MATSE (MAYORUNA)</td></tr><tr><td style=\"white-space:nowrap\">0149<a name=\"BREtniaIndigena-0149\"> </a></td><td>MAXAKALI (MAXACALI)</td></tr><tr><td style=\"white-space:nowrap\">0150<a name=\"BREtniaIndigena-0150\"> </a></td><td>MAYA (MAYA)</td></tr><tr><td style=\"white-space:nowrap\">0151<a name=\"BREtniaIndigena-0151\"> </a></td><td>MAYTAPU</td></tr><tr><td style=\"white-space:nowrap\">0152<a name=\"BREtniaIndigena-0152\"> </a></td><td>MEHINAKO (MEINAKU, MEINACU)</td></tr><tr><td style=\"white-space:nowrap\">0153<a name=\"BREtniaIndigena-0153\"> </a></td><td>MEKEN (MEQUEM, MEKHEM, MICHENS)</td></tr><tr><td style=\"white-space:nowrap\">0154<a name=\"BREtniaIndigena-0154\"> </a></td><td>MENKY (MYKY, MUNKU, MENKI, MYNKY)</td></tr><tr><td style=\"white-space:nowrap\">0155<a name=\"BREtniaIndigena-0155\"> </a></td><td>MIRANHA (MIRANHA, MIRANA)</td></tr><tr><td style=\"white-space:nowrap\">0156<a name=\"BREtniaIndigena-0156\"> </a></td><td>MIRITI TAPUIA (MIRITI-TAPUYA, BUIA-TAPUYA)</td></tr><tr><td style=\"white-space:nowrap\">0157<a name=\"BREtniaIndigena-0157\"> </a></td><td>MUNDURUKU (MUNDURUCU)</td></tr><tr><td style=\"white-space:nowrap\">0158<a name=\"BREtniaIndigena-0158\"> </a></td><td>MURA</td></tr><tr><td style=\"white-space:nowrap\">0159<a name=\"BREtniaIndigena-0159\"> </a></td><td>NAHUKWA (NAFUQUA)</td></tr><tr><td style=\"white-space:nowrap\">0160<a name=\"BREtniaIndigena-0160\"> </a></td><td>NAMBIKWARA DO CAMPO (HALOTESU, KITHAULU, WAKALITESU, SAWENTES, MANDUKA)</td></tr><tr><td style=\"white-space:nowrap\">0161<a name=\"BREtniaIndigena-0161\"> </a></td><td>NAMBIKWARA DO NORTE (NEGAROTE ,MAMAIN­DE, LATUNDE, SABANE E MANDUKA, TAWANDE)</td></tr><tr><td style=\"white-space:nowrap\">0162<a name=\"BREtniaIndigena-0162\"> </a></td><td>NAMBIKWARA DO SUL (WASUSU ,HAHAINTESU, ALANTESU, WAIKISU, ALAKETESU, WASUSU, SA­RARE)</td></tr><tr><td style=\"white-space:nowrap\">0163<a name=\"BREtniaIndigena-0163\"> </a></td><td>NARAVUTE (NARUVOTO)</td></tr><tr><td style=\"white-space:nowrap\">0164<a name=\"BREtniaIndigena-0164\"> </a></td><td>NAWA (NAUA)</td></tr><tr><td style=\"white-space:nowrap\">0165<a name=\"BREtniaIndigena-0165\"> </a></td><td>NUKINI (NUQUINI, NUKUINI)</td></tr><tr><td style=\"white-space:nowrap\">0166<a name=\"BREtniaIndigena-0166\"> </a></td><td>OFAIE (OFAYE-XAVANTE)</td></tr><tr><td style=\"white-space:nowrap\">0167<a name=\"BREtniaIndigena-0167\"> </a></td><td>ORO WIN</td></tr><tr><td style=\"white-space:nowrap\">0168<a name=\"BREtniaIndigena-0168\"> </a></td><td>PAIAKU (JENIPAPO-KANINDE)</td></tr><tr><td style=\"white-space:nowrap\">0169<a name=\"BREtniaIndigena-0169\"> </a></td><td>PAKAA NOVA (WARI, PACAAS NOVOS)</td></tr><tr><td style=\"white-space:nowrap\">0170<a name=\"BREtniaIndigena-0170\"> </a></td><td>PALIKUR (AUKWAYENE, AUKUYENE, PALIKU'ENE)</td></tr><tr><td style=\"white-space:nowrap\">0171<a name=\"BREtniaIndigena-0171\"> </a></td><td>PANARA (KRENHAKARORE , KRENAKORE, KRENA­KARORE)</td></tr><tr><td style=\"white-space:nowrap\">0172<a name=\"BREtniaIndigena-0172\"> </a></td><td>PANKARARE (PANCARARE)</td></tr><tr><td style=\"white-space:nowrap\">0173<a name=\"BREtniaIndigena-0173\"> </a></td><td>PANKARARU (PANCARARU)</td></tr><tr><td style=\"white-space:nowrap\">0174<a name=\"BREtniaIndigena-0174\"> </a></td><td>PANKARARU KALANKO (KALANKO)</td></tr><tr><td style=\"white-space:nowrap\">0175<a name=\"BREtniaIndigena-0175\"> </a></td><td>PANKARARU KARUAZU (KARUAZU)</td></tr><tr><td style=\"white-space:nowrap\">0176<a name=\"BREtniaIndigena-0176\"> </a></td><td>PANKARU (PANCARU)</td></tr><tr><td style=\"white-space:nowrap\">0177<a name=\"BREtniaIndigena-0177\"> </a></td><td>PARAKANA (PARACANA, APITEREWA, AWAETE)</td></tr><tr><td style=\"white-space:nowrap\">0178<a name=\"BREtniaIndigena-0178\"> </a></td><td>PARECI (PARESI, HALITI)</td></tr><tr><td style=\"white-space:nowrap\">0179<a name=\"BREtniaIndigena-0179\"> </a></td><td>PARINTINTIN</td></tr><tr><td style=\"white-space:nowrap\">0180<a name=\"BREtniaIndigena-0180\"> </a></td><td>PATAMONA (KAPON)</td></tr><tr><td style=\"white-space:nowrap\">0181<a name=\"BREtniaIndigena-0181\"> </a></td><td>PATAXO</td></tr><tr><td style=\"white-space:nowrap\">0182<a name=\"BREtniaIndigena-0182\"> </a></td><td>PATAXO HA-HA-HAE</td></tr><tr><td style=\"white-space:nowrap\">0183<a name=\"BREtniaIndigena-0183\"> </a></td><td>PAUMARI (PALMARI)</td></tr><tr><td style=\"white-space:nowrap\">0184<a name=\"BREtniaIndigena-0184\"> </a></td><td>PAUMELENHO</td></tr><tr><td style=\"white-space:nowrap\">0185<a name=\"BREtniaIndigena-0185\"> </a></td><td>PIRAHA (MURA PIRAHA)</td></tr><tr><td style=\"white-space:nowrap\">0186<a name=\"BREtniaIndigena-0186\"> </a></td><td>PIRATUAPUIA (PIRATAPUYA, PIRATAPUYO, PIRA­TAPUYA, WAIKANA)</td></tr><tr><td style=\"white-space:nowrap\">0187<a name=\"BREtniaIndigena-0187\"> </a></td><td>PITAGUARI</td></tr><tr><td style=\"white-space:nowrap\">0188<a name=\"BREtniaIndigena-0188\"> </a></td><td>POTIGUARA</td></tr><tr><td style=\"white-space:nowrap\">0189<a name=\"BREtniaIndigena-0189\"> </a></td><td>POYANAWA (POIANAUA)</td></tr><tr><td style=\"white-space:nowrap\">0190<a name=\"BREtniaIndigena-0190\"> </a></td><td>RIKBAKTSA (CANOEIROS, ERIGPAKTSA)</td></tr><tr><td style=\"white-space:nowrap\">0191<a name=\"BREtniaIndigena-0191\"> </a></td><td>SAKURABIAT (MEKENS, SAKIRABIAP, SAKIRABIAR)</td></tr><tr><td style=\"white-space:nowrap\">0192<a name=\"BREtniaIndigena-0192\"> </a></td><td>SATERE-MAWE (SATERE-MAUE)</td></tr><tr><td style=\"white-space:nowrap\">0193<a name=\"BREtniaIndigena-0193\"> </a></td><td>SHANENAWA (KATUKINA)</td></tr><tr><td style=\"white-space:nowrap\">0194<a name=\"BREtniaIndigena-0194\"> </a></td><td>SIRIANO (SIRIA-MASA)</td></tr><tr><td style=\"white-space:nowrap\">0195<a name=\"BREtniaIndigena-0195\"> </a></td><td>SURIANA</td></tr><tr><td style=\"white-space:nowrap\">0196<a name=\"BREtniaIndigena-0196\"> </a></td><td>SURUI DE RONDONIA (PAITER)</td></tr><tr><td style=\"white-space:nowrap\">0197<a name=\"BREtniaIndigena-0197\"> </a></td><td>SURUI DO PARA (AIKEWARA)</td></tr><tr><td style=\"white-space:nowrap\">0198<a name=\"BREtniaIndigena-0198\"> </a></td><td>SUYA (SUIA/KISEDJE)</td></tr><tr><td style=\"white-space:nowrap\">0199<a name=\"BREtniaIndigena-0199\"> </a></td><td>TAPAYUNA (BEICO-DE-PAU)</td></tr><tr><td style=\"white-space:nowrap\">0200<a name=\"BREtniaIndigena-0200\"> </a></td><td>TAPEBA</td></tr><tr><td style=\"white-space:nowrap\">0201<a name=\"BREtniaIndigena-0201\"> </a></td><td>TAPIRAPE (TAPI'IRAPE)</td></tr><tr><td style=\"white-space:nowrap\">0202<a name=\"BREtniaIndigena-0202\"> </a></td><td>TAPUIA (TAPUIA-XAVANTE, TAPUIO)</td></tr><tr><td style=\"white-space:nowrap\">0203<a name=\"BREtniaIndigena-0203\"> </a></td><td>TARIANO (TARIANA, TALIASERI)</td></tr><tr><td style=\"white-space:nowrap\">0204<a name=\"BREtniaIndigena-0204\"> </a></td><td>TAUREPANG (TAULIPANG, PEMON, AREKUNA, PA­GEYN)</td></tr><tr><td style=\"white-space:nowrap\">0205<a name=\"BREtniaIndigena-0205\"> </a></td><td>TEMBE</td></tr><tr><td style=\"white-space:nowrap\">0206<a name=\"BREtniaIndigena-0206\"> </a></td><td>TENHARIM</td></tr><tr><td style=\"white-space:nowrap\">0207<a name=\"BREtniaIndigena-0207\"> </a></td><td>TERENA</td></tr><tr><td style=\"white-space:nowrap\">0208<a name=\"BREtniaIndigena-0208\"> </a></td><td>TICUNA (TIKUNA, TUKUNA, MAGUTA)</td></tr><tr><td style=\"white-space:nowrap\">0209<a name=\"BREtniaIndigena-0209\"> </a></td><td>TINGUI BOTO</td></tr><tr><td style=\"white-space:nowrap\">0210<a name=\"BREtniaIndigena-0210\"> </a></td><td>TIRIYO EWARHUYANA (TIRIYO, TRIO, TARONA, YAWI, PIANOKOTO)</td></tr><tr><td style=\"white-space:nowrap\">0211<a name=\"BREtniaIndigena-0211\"> </a></td><td>TIRIYO KAH'YANA (TIRIYO, TRIO, TARONA, YAWI, PIANOKOTO)</td></tr><tr><td style=\"white-space:nowrap\">0212<a name=\"BREtniaIndigena-0212\"> </a></td><td>TIRIYO TSIKUYANA (TIRIYO, TRIO, TARONA, YAWI, PIANOKOTO)</td></tr><tr><td style=\"white-space:nowrap\">0213<a name=\"BREtniaIndigena-0213\"> </a></td><td>TORA</td></tr><tr><td style=\"white-space:nowrap\">0214<a name=\"BREtniaIndigena-0214\"> </a></td><td>TREMEMBE</td></tr><tr><td style=\"white-space:nowrap\">0215<a name=\"BREtniaIndigena-0215\"> </a></td><td>TRUKA</td></tr><tr><td style=\"white-space:nowrap\">0216<a name=\"BREtniaIndigena-0216\"> </a></td><td>TRUMAI</td></tr><tr><td style=\"white-space:nowrap\">0217<a name=\"BREtniaIndigena-0217\"> </a></td><td>TSOHOM DJAPA (TSUNHUM-DJAPA)</td></tr><tr><td style=\"white-space:nowrap\">0218<a name=\"BREtniaIndigena-0218\"> </a></td><td>TUKANO (TUCANO, YE'PA-MASA, DASEA)</td></tr><tr><td style=\"white-space:nowrap\">0219<a name=\"BREtniaIndigena-0219\"> </a></td><td>TUMBALALA</td></tr><tr><td style=\"white-space:nowrap\">0220<a name=\"BREtniaIndigena-0220\"> </a></td><td>TUNAYANA</td></tr><tr><td style=\"white-space:nowrap\">0221<a name=\"BREtniaIndigena-0221\"> </a></td><td>TUPARI</td></tr><tr><td style=\"white-space:nowrap\">0222<a name=\"BREtniaIndigena-0222\"> </a></td><td>TUPINAMBA</td></tr><tr><td style=\"white-space:nowrap\">0223<a name=\"BREtniaIndigena-0223\"> </a></td><td>TUPINIQUIM</td></tr><tr><td style=\"white-space:nowrap\">0224<a name=\"BREtniaIndigena-0224\"> </a></td><td>TURIWARA</td></tr><tr><td style=\"white-space:nowrap\">0225<a name=\"BREtniaIndigena-0225\"> </a></td><td>TUXA</td></tr><tr><td style=\"white-space:nowrap\">0226<a name=\"BREtniaIndigena-0226\"> </a></td><td>TUYUKA (TUIUCA, DOKAPUARA, UTAPINOMAKA­PHONA)</td></tr><tr><td style=\"white-space:nowrap\">0227<a name=\"BREtniaIndigena-0227\"> </a></td><td>TXIKAO (TXICAO, IKPENG)</td></tr><tr><td style=\"white-space:nowrap\">0228<a name=\"BREtniaIndigena-0228\"> </a></td><td>UMUTINA (OMOTINA, BARBADOS)</td></tr><tr><td style=\"white-space:nowrap\">0229<a name=\"BREtniaIndigena-0229\"> </a></td><td>URU-EU-WAU-WAU (URUEU-UAU-UAU, URUPAIN, URUPA)</td></tr><tr><td style=\"white-space:nowrap\">0230<a name=\"BREtniaIndigena-0230\"> </a></td><td>WAI WAI HIXKARYANA (HIXKARYANA)</td></tr><tr><td style=\"white-space:nowrap\">0231<a name=\"BREtniaIndigena-0231\"> </a></td><td>WAI WAI KARAFAWYANA (KARAFAWYANA, KARA­PAWYANA)</td></tr><tr><td style=\"white-space:nowrap\">0232<a name=\"BREtniaIndigena-0232\"> </a></td><td>WAI WAI XEREU (XEREU)</td></tr><tr><td style=\"white-space:nowrap\">0233<a name=\"BREtniaIndigena-0233\"> </a></td><td>WAI WAI KATUENA (KATUENA)</td></tr><tr><td style=\"white-space:nowrap\">0234<a name=\"BREtniaIndigena-0234\"> </a></td><td>WAI WAI MAWAYANA (MAWAYANA)</td></tr><tr><td style=\"white-space:nowrap\">0235<a name=\"BREtniaIndigena-0235\"> </a></td><td>WAIAPI (WAYAMPI, OYAMPI, WAYAPY, )</td></tr><tr><td style=\"white-space:nowrap\">0236<a name=\"BREtniaIndigena-0236\"> </a></td><td>WAIMIRI ATROARI (KINA)</td></tr><tr><td style=\"white-space:nowrap\">0237<a name=\"BREtniaIndigena-0237\"> </a></td><td>WANANO (UANANO, WANANA)</td></tr><tr><td style=\"white-space:nowrap\">0238<a name=\"BREtniaIndigena-0238\"> </a></td><td>WAPIXANA (UAPIXANA, VAPIDIANA, WAPISIANA, WAPISHANA)</td></tr><tr><td style=\"white-space:nowrap\">0239<a name=\"BREtniaIndigena-0239\"> </a></td><td>WAREKENA (UAREQUENA, WEREKENA)</td></tr><tr><td style=\"white-space:nowrap\">0240<a name=\"BREtniaIndigena-0240\"> </a></td><td>WASSU</td></tr><tr><td style=\"white-space:nowrap\">0241<a name=\"BREtniaIndigena-0241\"> </a></td><td>WAURA (UAURA, WAUJA)</td></tr><tr><td style=\"white-space:nowrap\">0242<a name=\"BREtniaIndigena-0242\"> </a></td><td>WAYANA (WAIANA, UAIANA)</td></tr><tr><td style=\"white-space:nowrap\">0243<a name=\"BREtniaIndigena-0243\"> </a></td><td>WITOTO (UITOTO, HUITOTO)</td></tr><tr><td style=\"white-space:nowrap\">0244<a name=\"BREtniaIndigena-0244\"> </a></td><td>XAKRIABA (XACRIABA)</td></tr><tr><td style=\"white-space:nowrap\">0245<a name=\"BREtniaIndigena-0245\"> </a></td><td>XAVANTE (A'UWE, AKWE, AWEN, AKWEN)</td></tr><tr><td style=\"white-space:nowrap\">0246<a name=\"BREtniaIndigena-0246\"> </a></td><td>XERENTE (AKWE, AWEN, AKWEN)</td></tr><tr><td style=\"white-space:nowrap\">0247<a name=\"BREtniaIndigena-0247\"> </a></td><td>XETA</td></tr><tr><td style=\"white-space:nowrap\">0248<a name=\"BREtniaIndigena-0248\"> </a></td><td>XIPAIA (SHIPAYA, XIPAYA)</td></tr><tr><td style=\"white-space:nowrap\">0249<a name=\"BREtniaIndigena-0249\"> </a></td><td>XOKLENG (SHOKLENG, XOCLENG)</td></tr><tr><td style=\"white-space:nowrap\">0250<a name=\"BREtniaIndigena-0250\"> </a></td><td>XOKO (XOCO, CHOCO)</td></tr><tr><td style=\"white-space:nowrap\">0251<a name=\"BREtniaIndigena-0251\"> </a></td><td>XUKURU (XUCURU)</td></tr><tr><td style=\"white-space:nowrap\">0252<a name=\"BREtniaIndigena-0252\"> </a></td><td>XUKURU KARIRI (XUCURU-KARIRI)</td></tr><tr><td style=\"white-space:nowrap\">0253<a name=\"BREtniaIndigena-0253\"> </a></td><td>YAIPIYANA</td></tr><tr><td style=\"white-space:nowrap\">0254<a name=\"BREtniaIndigena-0254\"> </a></td><td>YAMINAWA (JAMINAWA, IAMINAWA)</td></tr><tr><td style=\"white-space:nowrap\">0255<a name=\"BREtniaIndigena-0255\"> </a></td><td>YANOMAMI NINAM (IANOMAMI, IANOAMA, XIRIA­NA)</td></tr><tr><td style=\"white-space:nowrap\">0256<a name=\"BREtniaIndigena-0256\"> </a></td><td>YANOMAMI SANUMA (IANOMAMI, IANOAMA, XI­RIANA)</td></tr><tr><td style=\"white-space:nowrap\">0257<a name=\"BREtniaIndigena-0257\"> </a></td><td>YANOMAMI YANOMAM (IANOMAMI, IANOAMA, XI­RIANA)</td></tr><tr><td style=\"white-space:nowrap\">0258<a name=\"BREtniaIndigena-0258\"> </a></td><td>YAWALAPITI (IAUALAPITI)</td></tr><tr><td style=\"white-space:nowrap\">0259<a name=\"BREtniaIndigena-0259\"> </a></td><td>YAWANAWA (IAUANAUA)</td></tr><tr><td style=\"white-space:nowrap\">0260<a name=\"BREtniaIndigena-0260\"> </a></td><td>YEKUANA (MAIONGON, YE'KUANA, YEKWANA, MAYONGONG)</td></tr><tr><td style=\"white-space:nowrap\">0261<a name=\"BREtniaIndigena-0261\"> </a></td><td>YUDJA (JURUNA, YURUNA)</td></tr><tr><td style=\"white-space:nowrap\">0262<a name=\"BREtniaIndigena-0262\"> </a></td><td>ZO'E (POTURU)</td></tr><tr><td style=\"white-space:nowrap\">0263<a name=\"BREtniaIndigena-0263\"> </a></td><td>ZORO (PAGEYN)</td></tr><tr><td style=\"white-space:nowrap\">0264<a name=\"BREtniaIndigena-0264\"> </a></td><td>ZURUAHA (SOROWAHA, SURUWAHA)</td></tr><tr><td style=\"white-space:nowrap\">X265<a name=\"BREtniaIndigena-X265\"> </a></td><td>AHANENAWA</td></tr><tr><td style=\"white-space:nowrap\">X266<a name=\"BREtniaIndigena-X266\"> </a></td><td>AICABA</td></tr><tr><td style=\"white-space:nowrap\">X267<a name=\"BREtniaIndigena-X267\"> </a></td><td>AIKANÃ-KWASÁ</td></tr><tr><td style=\"white-space:nowrap\">X269<a name=\"BREtniaIndigena-X269\"> </a></td><td>ALANTESU</td></tr><tr><td style=\"white-space:nowrap\">X271<a name=\"BREtniaIndigena-X271\"> </a></td><td>AMAWÁKA</td></tr><tr><td style=\"white-space:nowrap\">X272<a name=\"BREtniaIndigena-X272\"> </a></td><td>ANACÉ</td></tr><tr><td style=\"white-space:nowrap\">X276<a name=\"BREtniaIndigena-X276\"> </a></td><td>ARARA APOLIMA</td></tr><tr><td style=\"white-space:nowrap\">X278<a name=\"BREtniaIndigena-X278\"> </a></td><td>ARIPUANÁ</td></tr><tr><td style=\"white-space:nowrap\">X279<a name=\"BREtniaIndigena-X279\"> </a></td><td>ASSURINI</td></tr><tr><td style=\"white-space:nowrap\">X280<a name=\"BREtniaIndigena-X280\"> </a></td><td>AWUARÁ</td></tr><tr><td style=\"white-space:nowrap\">X281<a name=\"BREtniaIndigena-X281\"> </a></td><td>BORBA</td></tr><tr><td style=\"white-space:nowrap\">X282<a name=\"BREtniaIndigena-X282\"> </a></td><td>CABIXI</td></tr><tr><td style=\"white-space:nowrap\">X283<a name=\"BREtniaIndigena-X283\"> </a></td><td>CAMARARÉ</td></tr><tr><td style=\"white-space:nowrap\">X284<a name=\"BREtniaIndigena-X284\"> </a></td><td>CAMASURI</td></tr><tr><td style=\"white-space:nowrap\">X285<a name=\"BREtniaIndigena-X285\"> </a></td><td>CARA PRETA</td></tr><tr><td style=\"white-space:nowrap\">X286<a name=\"BREtniaIndigena-X286\"> </a></td><td>CHARRUA</td></tr><tr><td style=\"white-space:nowrap\">X287<a name=\"BREtniaIndigena-X287\"> </a></td><td>CUJUBIM</td></tr><tr><td style=\"white-space:nowrap\">X288<a name=\"BREtniaIndigena-X288\"> </a></td><td>DAW</td></tr><tr><td style=\"white-space:nowrap\">X289<a name=\"BREtniaIndigena-X289\"> </a></td><td>GAVIÃO</td></tr><tr><td style=\"white-space:nowrap\">X290<a name=\"BREtniaIndigena-X290\"> </a></td><td>GUARANI</td></tr><tr><td style=\"white-space:nowrap\">X291<a name=\"BREtniaIndigena-X291\"> </a></td><td>HALANTESU</td></tr><tr><td style=\"white-space:nowrap\">X292<a name=\"BREtniaIndigena-X292\"> </a></td><td>HALOTESU</td></tr><tr><td style=\"white-space:nowrap\">X293<a name=\"BREtniaIndigena-X293\"> </a></td><td>HENGATÚ</td></tr><tr><td style=\"white-space:nowrap\">X294<a name=\"BREtniaIndigena-X294\"> </a></td><td>HIXKARYANA</td></tr><tr><td style=\"white-space:nowrap\">X295<a name=\"BREtniaIndigena-X295\"> </a></td><td>HUPDE</td></tr><tr><td style=\"white-space:nowrap\">X296<a name=\"BREtniaIndigena-X296\"> </a></td><td>HUPDES</td></tr><tr><td style=\"white-space:nowrap\">X297<a name=\"BREtniaIndigena-X297\"> </a></td><td>IAUANAUA</td></tr><tr><td style=\"white-space:nowrap\">X298<a name=\"BREtniaIndigena-X298\"> </a></td><td>IAUARETE AÇU</td></tr><tr><td style=\"white-space:nowrap\">X299<a name=\"BREtniaIndigena-X299\"> </a></td><td>IKPENG</td></tr><tr><td style=\"white-space:nowrap\">X300<a name=\"BREtniaIndigena-X300\"> </a></td><td>INAMBU</td></tr><tr><td style=\"white-space:nowrap\">X301<a name=\"BREtniaIndigena-X301\"> </a></td><td>INHABARANA</td></tr><tr><td style=\"white-space:nowrap\">X302<a name=\"BREtniaIndigena-X302\"> </a></td><td>JAVAE</td></tr><tr><td style=\"white-space:nowrap\">X303<a name=\"BREtniaIndigena-X303\"> </a></td><td>JENIPAPO</td></tr><tr><td style=\"white-space:nowrap\">X304<a name=\"BREtniaIndigena-X304\"> </a></td><td>JENIPAPO-KANINDE</td></tr><tr><td style=\"white-space:nowrap\">X305<a name=\"BREtniaIndigena-X305\"> </a></td><td>JIAHOI</td></tr><tr><td style=\"white-space:nowrap\">X306<a name=\"BREtniaIndigena-X306\"> </a></td><td>KAIOWA</td></tr><tr><td style=\"white-space:nowrap\">X307<a name=\"BREtniaIndigena-X307\"> </a></td><td>KAMPA</td></tr><tr><td style=\"white-space:nowrap\">X308<a name=\"BREtniaIndigena-X308\"> </a></td><td>KANELA</td></tr><tr><td style=\"white-space:nowrap\">X309<a name=\"BREtniaIndigena-X309\"> </a></td><td>KARAFAWYANA</td></tr><tr><td style=\"white-space:nowrap\">X310<a name=\"BREtniaIndigena-X310\"> </a></td><td>KARARAO</td></tr><tr><td style=\"white-space:nowrap\">X311<a name=\"BREtniaIndigena-X311\"> </a></td><td>KARUBO</td></tr><tr><td style=\"white-space:nowrap\">X312<a name=\"BREtniaIndigena-X312\"> </a></td><td>KASSUPÁ</td></tr><tr><td style=\"white-space:nowrap\">X313<a name=\"BREtniaIndigena-X313\"> </a></td><td>KATITHÃULU</td></tr><tr><td style=\"white-space:nowrap\">X314<a name=\"BREtniaIndigena-X314\"> </a></td><td>KATOKIN</td></tr><tr><td style=\"white-space:nowrap\">X315<a name=\"BREtniaIndigena-X315\"> </a></td><td>KATUKINA PANO</td></tr><tr><td style=\"white-space:nowrap\">X316<a name=\"BREtniaIndigena-X316\"> </a></td><td>KATUKINA PEDA DJAPA</td></tr><tr><td style=\"white-space:nowrap\">X317<a name=\"BREtniaIndigena-X317\"> </a></td><td>KATUKINA SHANENAUWA</td></tr><tr><td style=\"white-space:nowrap\">X318<a name=\"BREtniaIndigena-X318\"> </a></td><td>KAXAGO</td></tr><tr><td style=\"white-space:nowrap\">X319<a name=\"BREtniaIndigena-X319\"> </a></td><td>KAYABI</td></tr><tr><td style=\"white-space:nowrap\">X320<a name=\"BREtniaIndigena-X320\"> </a></td><td>KINÃ (WAIMIRI-ATROARI)</td></tr><tr><td style=\"white-space:nowrap\">X321<a name=\"BREtniaIndigena-X321\"> </a></td><td>KIRIRI-BARRA</td></tr><tr><td style=\"white-space:nowrap\">X322<a name=\"BREtniaIndigena-X322\"> </a></td><td>KITHÃULU</td></tr><tr><td style=\"white-space:nowrap\">X323<a name=\"BREtniaIndigena-X323\"> </a></td><td>KOIAIÁ</td></tr><tr><td style=\"white-space:nowrap\">X324<a name=\"BREtniaIndigena-X324\"> </a></td><td>KOIUPANKÁ</td></tr><tr><td style=\"white-space:nowrap\">X325<a name=\"BREtniaIndigena-X325\"> </a></td><td>KONTANAWA</td></tr><tr><td style=\"white-space:nowrap\">X326<a name=\"BREtniaIndigena-X326\"> </a></td><td>KRAHÔ KANELA</td></tr><tr><td style=\"white-space:nowrap\">X327<a name=\"BREtniaIndigena-X327\"> </a></td><td>KULINA</td></tr><tr><td style=\"white-space:nowrap\">X328<a name=\"BREtniaIndigena-X328\"> </a></td><td>LATUNDÊ</td></tr><tr><td style=\"white-space:nowrap\">X329<a name=\"BREtniaIndigena-X329\"> </a></td><td>MAKU</td></tr><tr><td style=\"white-space:nowrap\">X330<a name=\"BREtniaIndigena-X330\"> </a></td><td>MAKUNAMBÉ</td></tr><tr><td style=\"white-space:nowrap\">X331<a name=\"BREtniaIndigena-X331\"> </a></td><td>MAMAINDÊ</td></tr><tr><td style=\"white-space:nowrap\">X332<a name=\"BREtniaIndigena-X332\"> </a></td><td>MAMURI</td></tr><tr><td style=\"white-space:nowrap\">X333<a name=\"BREtniaIndigena-X333\"> </a></td><td>MANACAPURU</td></tr><tr><td style=\"white-space:nowrap\">X334<a name=\"BREtniaIndigena-X334\"> </a></td><td>MANAIRISSU</td></tr><tr><td style=\"white-space:nowrap\">X335<a name=\"BREtniaIndigena-X335\"> </a></td><td>MANCHINERI</td></tr><tr><td style=\"white-space:nowrap\">X336<a name=\"BREtniaIndigena-X336\"> </a></td><td>MANDUCA</td></tr><tr><td style=\"white-space:nowrap\">X337<a name=\"BREtniaIndigena-X337\"> </a></td><td>MARIBONDO</td></tr><tr><td style=\"white-space:nowrap\">X338<a name=\"BREtniaIndigena-X338\"> </a></td><td>MASSAKA</td></tr><tr><td style=\"white-space:nowrap\">X339<a name=\"BREtniaIndigena-X339\"> </a></td><td>MAWAYANA</td></tr><tr><td style=\"white-space:nowrap\">X340<a name=\"BREtniaIndigena-X340\"> </a></td><td>MAWÉ</td></tr><tr><td style=\"white-space:nowrap\">X341<a name=\"BREtniaIndigena-X341\"> </a></td><td>MAYORUNA</td></tr><tr><td style=\"white-space:nowrap\">X342<a name=\"BREtniaIndigena-X342\"> </a></td><td>MIQUELENO</td></tr><tr><td style=\"white-space:nowrap\">X343<a name=\"BREtniaIndigena-X343\"> </a></td><td>MOKURIÑ</td></tr><tr><td style=\"white-space:nowrap\">X344<a name=\"BREtniaIndigena-X344\"> </a></td><td>MON ORO WARAM</td></tr><tr><td style=\"white-space:nowrap\">X345<a name=\"BREtniaIndigena-X345\"> </a></td><td>MUTUM</td></tr><tr><td style=\"white-space:nowrap\">X346<a name=\"BREtniaIndigena-X346\"> </a></td><td>MYKY</td></tr><tr><td style=\"white-space:nowrap\">X347<a name=\"BREtniaIndigena-X347\"> </a></td><td>NADEB</td></tr><tr><td style=\"white-space:nowrap\">X348<a name=\"BREtniaIndigena-X348\"> </a></td><td>NAMBIKWARA</td></tr><tr><td style=\"white-space:nowrap\">X349<a name=\"BREtniaIndigena-X349\"> </a></td><td>NEGAROTÊ</td></tr><tr><td style=\"white-space:nowrap\">X350<a name=\"BREtniaIndigena-X350\"> </a></td><td>NHENGATU</td></tr><tr><td style=\"white-space:nowrap\">X351<a name=\"BREtniaIndigena-X351\"> </a></td><td>OFAIE XAVANTE</td></tr><tr><td style=\"white-space:nowrap\">X352<a name=\"BREtniaIndigena-X352\"> </a></td><td>ONÇA</td></tr><tr><td style=\"white-space:nowrap\">X353<a name=\"BREtniaIndigena-X353\"> </a></td><td>ORO AT</td></tr><tr><td style=\"white-space:nowrap\">X354<a name=\"BREtniaIndigena-X354\"> </a></td><td>ORO EO</td></tr><tr><td style=\"white-space:nowrap\">X355<a name=\"BREtniaIndigena-X355\"> </a></td><td>ORO JOWIN</td></tr><tr><td style=\"white-space:nowrap\">X356<a name=\"BREtniaIndigena-X356\"> </a></td><td>ORO MIYLIN</td></tr><tr><td style=\"white-space:nowrap\">X357<a name=\"BREtniaIndigena-X357\"> </a></td><td>ORO MON</td></tr><tr><td style=\"white-space:nowrap\">X358<a name=\"BREtniaIndigena-X358\"> </a></td><td>ORO NÁO</td></tr><tr><td style=\"white-space:nowrap\">X359<a name=\"BREtniaIndigena-X359\"> </a></td><td>ORO WAM</td></tr><tr><td style=\"white-space:nowrap\">X360<a name=\"BREtniaIndigena-X360\"> </a></td><td>ORO WARAM</td></tr><tr><td style=\"white-space:nowrap\">X361<a name=\"BREtniaIndigena-X361\"> </a></td><td>ORO WARAM XIJEIN</td></tr><tr><td style=\"white-space:nowrap\">X362<a name=\"BREtniaIndigena-X362\"> </a></td><td>PACA</td></tr><tr><td style=\"white-space:nowrap\">X363<a name=\"BREtniaIndigena-X363\"> </a></td><td>PANKARÁ</td></tr><tr><td style=\"white-space:nowrap\">X364<a name=\"BREtniaIndigena-X364\"> </a></td><td>PAPAGAIO</td></tr><tr><td style=\"white-space:nowrap\">X365<a name=\"BREtniaIndigena-X365\"> </a></td><td>PAYAYÁ</td></tr><tr><td style=\"white-space:nowrap\">X366<a name=\"BREtniaIndigena-X366\"> </a></td><td>PIPIPAN</td></tr><tr><td style=\"white-space:nowrap\">X367<a name=\"BREtniaIndigena-X367\"> </a></td><td>PIRATA</td></tr><tr><td style=\"white-space:nowrap\">X368<a name=\"BREtniaIndigena-X368\"> </a></td><td>PUROBORÁ</td></tr><tr><td style=\"white-space:nowrap\">X369<a name=\"BREtniaIndigena-X369\"> </a></td><td>SABANÊ</td></tr><tr><td style=\"white-space:nowrap\">X370<a name=\"BREtniaIndigena-X370\"> </a></td><td>SANUMA</td></tr><tr><td style=\"white-space:nowrap\">X371<a name=\"BREtniaIndigena-X371\"> </a></td><td>SAWENTESÚ</td></tr><tr><td style=\"white-space:nowrap\">X372<a name=\"BREtniaIndigena-X372\"> </a></td><td>SILCY-TAPUYA</td></tr><tr><td style=\"white-space:nowrap\">X373<a name=\"BREtniaIndigena-X373\"> </a></td><td>SIUCI</td></tr><tr><td style=\"white-space:nowrap\">X374<a name=\"BREtniaIndigena-X374\"> </a></td><td>TABAJARA</td></tr><tr><td style=\"white-space:nowrap\">X375<a name=\"BREtniaIndigena-X375\"> </a></td><td>TAKUARA</td></tr><tr><td style=\"white-space:nowrap\">X376<a name=\"BREtniaIndigena-X376\"> </a></td><td>TATU</td></tr><tr><td style=\"white-space:nowrap\">X377<a name=\"BREtniaIndigena-X377\"> </a></td><td>TAWANDÊ</td></tr><tr><td style=\"white-space:nowrap\">X378<a name=\"BREtniaIndigena-X378\"> </a></td><td>TEFÉ</td></tr><tr><td style=\"white-space:nowrap\">X379<a name=\"BREtniaIndigena-X379\"> </a></td><td>TIMBIRA</td></tr><tr><td style=\"white-space:nowrap\">X380<a name=\"BREtniaIndigena-X380\"> </a></td><td>TORÁ DO BAIXO GRANDE</td></tr><tr><td style=\"white-space:nowrap\">X381<a name=\"BREtniaIndigena-X381\"> </a></td><td>TSUNHUM-DJAPÁ</td></tr><tr><td style=\"white-space:nowrap\">X382<a name=\"BREtniaIndigena-X382\"> </a></td><td>TUBARÃO</td></tr><tr><td style=\"white-space:nowrap\">X383<a name=\"BREtniaIndigena-X383\"> </a></td><td>TUPAIU</td></tr><tr><td style=\"white-space:nowrap\">X384<a name=\"BREtniaIndigena-X384\"> </a></td><td>TUPI</td></tr><tr><td style=\"white-space:nowrap\">X385<a name=\"BREtniaIndigena-X385\"> </a></td><td>TUPINAMBÁ DE BELMONTE</td></tr><tr><td style=\"white-space:nowrap\">X386<a name=\"BREtniaIndigena-X386\"> </a></td><td>URUBU</td></tr><tr><td style=\"white-space:nowrap\">X387<a name=\"BREtniaIndigena-X387\"> </a></td><td>URUBU KAAPOR</td></tr><tr><td style=\"white-space:nowrap\">X388<a name=\"BREtniaIndigena-X388\"> </a></td><td>URUPÁ</td></tr><tr><td style=\"white-space:nowrap\">X389<a name=\"BREtniaIndigena-X389\"> </a></td><td>WAI WAI</td></tr><tr><td style=\"white-space:nowrap\">X390<a name=\"BREtniaIndigena-X390\"> </a></td><td>WAIKISU</td></tr><tr><td style=\"white-space:nowrap\">X391<a name=\"BREtniaIndigena-X391\"> </a></td><td>WAKALITESÚ</td></tr><tr><td style=\"white-space:nowrap\">X392<a name=\"BREtniaIndigena-X392\"> </a></td><td>WASSUSU</td></tr><tr><td style=\"white-space:nowrap\">X393<a name=\"BREtniaIndigena-X393\"> </a></td><td>XEREU</td></tr><tr><td style=\"white-space:nowrap\">X394<a name=\"BREtniaIndigena-X394\"> </a></td><td>XI EIN</td></tr><tr><td style=\"white-space:nowrap\">X395<a name=\"BREtniaIndigena-X395\"> </a></td><td>XICRIN</td></tr><tr><td style=\"white-space:nowrap\">X396<a name=\"BREtniaIndigena-X396\"> </a></td><td>XIPAYA</td></tr><tr><td style=\"white-space:nowrap\">X397<a name=\"BREtniaIndigena-X397\"> </a></td><td>XIRIANA</td></tr><tr><td style=\"white-space:nowrap\">X398<a name=\"BREtniaIndigena-X398\"> </a></td><td>XIRUAI</td></tr><tr><td style=\"white-space:nowrap\">X399<a name=\"BREtniaIndigena-X399\"> </a></td><td>YEPAMASSÃ</td></tr><tr><td style=\"white-space:nowrap\">X400<a name=\"BREtniaIndigena-X400\"> </a></td><td>TIRIYÓ</td></tr><tr><td style=\"white-space:nowrap\">X401<a name=\"BREtniaIndigena-X401\"> </a></td><td>YANOMAMI</td></tr><tr><td style=\"white-space:nowrap\">X402<a name=\"BREtniaIndigena-X402\"> </a></td><td>ARARA</td></tr><tr><td style=\"white-space:nowrap\">X403<a name=\"BREtniaIndigena-X403\"> </a></td><td>SAKIRIABAR</td></tr><tr><td style=\"white-space:nowrap\">X404<a name=\"BREtniaIndigena-X404\"> </a></td><td>TATZ</td></tr><tr><td style=\"white-space:nowrap\">X405<a name=\"BREtniaIndigena-X405\"> </a></td><td>SEM INFORMACAO</td></tr></table></div>"
  },
  "url" : "https://prefeitura-rio.github.io/sms-rjcore-fhir/CodeSystem/BREtniaIndigena",
  "version" : "0.1.0",
  "name" : "EtniaIndigena",
  "title" : "Etnia Indígena",
  "status" : "draft",
  "date" : "2023-07-15T19:27:39+00:00",
  "publisher" : "Secretaria Municipal de Saúde da Prefeitura do Rio de Janeiro",
  "contact" : [{
    "name" : "Secretaria Municipal de Saúde da Prefeitura do Rio de Janeiro",
    "telecom" : [{
      "system" : "url",
      "value" : "https://prefeitura.rio/"
    }]
  }],
  "description" : "Códigos para representação de etnias indígenas no Brasil.",
  "jurisdiction" : [{
    "coding" : [{
      "system" : "urn:iso:std:iso:3166",
      "code" : "BR",
      "display" : "Brazil"
    }]
  }],
  "content" : "complete",
  "count" : 399,
  "concept" : [{
    "code" : "0001",
    "display" : "ACONA (WAKONAS, NACONAS, JAKONA, ACORA­NES)"
  },
  {
    "code" : "0002",
    "display" : "AIKANA (AIKANA, MAS SAKA,TUBARAO)"
  },
  {
    "code" : "0003",
    "display" : "AJURU"
  },
  {
    "code" : "0004",
    "display" : "AKUNSU (AKUNT'SU)"
  },
  {
    "code" : "0005",
    "display" : "AMANAYE"
  },
  {
    "code" : "0006",
    "display" : "AMONDAWA"
  },
  {
    "code" : "0007",
    "display" : "ANAMBE"
  },
  {
    "code" : "0008",
    "display" : "APARAI (APALAI)"
  },
  {
    "code" : "0009",
    "display" : "APIAKA (APIACA)"
  },
  {
    "code" : "0010",
    "display" : "APINAYE (APINAJE/APINAIE/APINAGE)"
  },
  {
    "code" : "0011",
    "display" : "APURINA (APORINA, IPURINA, IPURINA, IPURI­NAN)"
  },
  {
    "code" : "0012",
    "display" : "ARANA (ARACUAI DO VALE DO JEQUITINHONHA)"
  },
  {
    "code" : "0013",
    "display" : "ARAPASO (ARAPACO)"
  },
  {
    "code" : "0014",
    "display" : "ARARA DE RONDONIA (KARO, URUCU, URUKU)"
  },
  {
    "code" : "0015",
    "display" : "ARARA DO ACRE (SHAWANAUA, AMAWAKA)"
  },
  {
    "code" : "0016",
    "display" : "ARARA DO ARIPUANA (ARARA DO BEIRADAO/ARI­PUANA)"
  },
  {
    "code" : "0017",
    "display" : "ARARA DO PARA (UKARAGMA, UKARAMMA)"
  },
  {
    "code" : "0018",
    "display" : "ARAWETE (ARAUETE)"
  },
  {
    "code" : "0019",
    "display" : "ARIKAPU (ARICAPU, ARIKAPO, MASUBI, MAXUBI)"
  },
  {
    "code" : "0020",
    "display" : "ARIKEM (ARIQUEN, ARIQUEME, ARIKEME)"
  },
  {
    "code" : "0021",
    "display" : "ARIKOSE (ARICOBE)"
  },
  {
    "code" : "0022",
    "display" : "ARUA"
  },
  {
    "code" : "0023",
    "display" : "ARUAK (ARAWAK)"
  },
  {
    "code" : "0024",
    "display" : "ASHANINKA (KAMPA)"
  },
  {
    "code" : "0025",
    "display" : "ASURINI DO TOCANTINS (AKUAWA/AKWAWA)"
  },
  {
    "code" : "0026",
    "display" : "ASURINI DO XINGU (AWAETE)"
  },
  {
    "code" : "0027",
    "display" : "ATIKUM (ATICUM)"
  },
  {
    "code" : "0028",
    "display" : "AVA - CANOEIRO"
  },
  {
    "code" : "0029",
    "display" : "AWETI (AUETI/AUETO)"
  },
  {
    "code" : "0030",
    "display" : "BAKAIRI (KURA, BACAIRI)"
  },
  {
    "code" : "0031",
    "display" : "BANAWA YAFI (BANAWA, BANAWA-JAFI)"
  },
  {
    "code" : "0032",
    "display" : "BANIWA (BANIUA, BANIVA, WALIMANAI, WAKUE­NAI)"
  },
  {
    "code" : "0033",
    "display" : "BARA (WAIPINOMAKA)"
  },
  {
    "code" : "0034",
    "display" : "BARASANA (HANERA)"
  },
  {
    "code" : "0035",
    "display" : "BARE"
  },
  {
    "code" : "0036",
    "display" : "BORORO (BOE)"
  },
  {
    "code" : "0037",
    "display" : "BOTOCUDO (GEREN)"
  },
  {
    "code" : "0038",
    "display" : "CANOE"
  },
  {
    "code" : "0039",
    "display" : "CASSUPA"
  },
  {
    "code" : "0040",
    "display" : "CHAMACOCO"
  },
  {
    "code" : "0041",
    "display" : "CHIQUITANO (XIQUITANO)"
  },
  {
    "code" : "0042",
    "display" : "CIKIYANA (SIKIANA)"
  },
  {
    "code" : "0043",
    "display" : "CINTA LARGA (MATETAMAE)"
  },
  {
    "code" : "0044",
    "display" : "COLUMBIARA (CORUMBIARA)"
  },
  {
    "code" : "0045",
    "display" : "DENI"
  },
  {
    "code" : "0046",
    "display" : "DESANA (DESANA, DESANO, DESSANO, WIRA, UMUKOMASA)"
  },
  {
    "code" : "0047",
    "display" : "DIAHUI (JAHOI, JAHUI, DIARROI)"
  },
  {
    "code" : "0048",
    "display" : "ENAWENE-NAWE (SALUMA)"
  },
  {
    "code" : "0049",
    "display" : "FULNI-O"
  },
  {
    "code" : "0050",
    "display" : "GALIBI (GALIBI DO OIAPOQUE, KARINHA)"
  },
  {
    "code" : "0051",
    "display" : "GALIBI MARWORNO (GALIBI DO UACA, ARUA)"
  },
  {
    "code" : "0052",
    "display" : "GAVIAO DE RONDONIA (DIGUT)"
  },
  {
    "code" : "0053",
    "display" : "GAVIAO KRIKATEJE"
  },
  {
    "code" : "0054",
    "display" : "GAVIAO PARKATEJE (PARKATEJE)"
  },
  {
    "code" : "0055",
    "display" : "GAVIAO PUKOBIE (PUKOBIE, PYKOPJE, GAVIAO DO MARANHAO)"
  },
  {
    "code" : "0056",
    "display" : "GUAJA (AWA, AVA)"
  },
  {
    "code" : "0057",
    "display" : "GUAJAJARA (TENETEHARA)"
  },
  {
    "code" : "0058",
    "display" : "GUARANI KAIOWA (PAI TAVYTERA)"
  },
  {
    "code" : "0059",
    "display" : "GUARANI M'BYA"
  },
  {
    "code" : "0060",
    "display" : "GUARANI NANDEVA (AVAKATUETE, CHIRIPA, NHANDEWA, AVA GUARANI)"
  },
  {
    "code" : "0061",
    "display" : "GUATO"
  },
  {
    "code" : "0062",
    "display" : "HIMARIMA (HIMERIMA)"
  },
  {
    "code" : "0063",
    "display" : "INGARIKO (INGARICO, AKAWAIO, KAPON)"
  },
  {
    "code" : "0064",
    "display" : "IRANXE (IRANTXE)"
  },
  {
    "code" : "0065",
    "display" : "ISSE"
  },
  {
    "code" : "0066",
    "display" : "JABOTI (JABUTI, KIPIU, YABYTI)"
  },
  {
    "code" : "0067",
    "display" : "JAMAMADI (YAMAMADI, DJEOROMITXI)"
  },
  {
    "code" : "0068",
    "display" : "JARAWARA"
  },
  {
    "code" : "0069",
    "display" : "JIRIPANCO (JERIPANCO, GERIPANCO)"
  },
  {
    "code" : "0070",
    "display" : "JUMA (YUMA)"
  },
  {
    "code" : "0071",
    "display" : "JURUNA"
  },
  {
    "code" : "0072",
    "display" : "JURUTI (YURITI)"
  },
  {
    "code" : "0073",
    "display" : "KAAPOR (URUBU-KAAPOR, KA'APOR, KAAPORTE)"
  },
  {
    "code" : "0074",
    "display" : "KADIWEU (CADUVEO, CADIUEU)"
  },
  {
    "code" : "0075",
    "display" : "KAIABI (CAIABI, KAYABI)"
  },
  {
    "code" : "0076",
    "display" : "KAIMBE (CAIMBE)"
  },
  {
    "code" : "0077",
    "display" : "KAINGANG (CAINGANGUE)"
  },
  {
    "code" : "0078",
    "display" : "KAIXANA (CAIXANA)"
  },
  {
    "code" : "0079",
    "display" : "KALABASSA (CALABASSA, CALABACAS)"
  },
  {
    "code" : "0080",
    "display" : "KALANCO"
  },
  {
    "code" : "0081",
    "display" : "KALAPALO (CALAPALO)"
  },
  {
    "code" : "0082",
    "display" : "KAMAYURA (CAMAIURA, KAMAIURA)"
  },
  {
    "code" : "0083",
    "display" : "KAMBA (CAMBA)"
  },
  {
    "code" : "0084",
    "display" : "KAMBEBA (CAMBEBA, OMAGUA)"
  },
  {
    "code" : "0085",
    "display" : "KAMBIWA (CAMBIUA)"
  },
  {
    "code" : "0086",
    "display" : "KAMBIWA PIPIPA (PIPIPA)"
  },
  {
    "code" : "0087",
    "display" : "KAMPE"
  },
  {
    "code" : "0088",
    "display" : "KANAMANTI (KANAMATI, CANAMANTI)"
  },
  {
    "code" : "0089",
    "display" : "KANAMARI (CANAMARI, KANAMARY, TUKUNA)"
  },
  {
    "code" : "0090",
    "display" : "KANELA APANIEKRA (CANELA)"
  },
  {
    "code" : "0091",
    "display" : "KANELA RANKOKAMEKRA (CANELA)"
  },
  {
    "code" : "0092",
    "display" : "KANINDE"
  },
  {
    "code" : "0093",
    "display" : "KANOE (CANOE)"
  },
  {
    "code" : "0094",
    "display" : "KANTARURE (CANTARURE)"
  },
  {
    "code" : "0095",
    "display" : "KAPINAWA (CAPINAUA)"
  },
  {
    "code" : "0096",
    "display" : "KARAJA (CARAJA)"
  },
  {
    "code" : "0097",
    "display" : "KARAJA/JAVAE (JAVAE)"
  },
  {
    "code" : "0098",
    "display" : "KARAJA/XAMBIOA (KARAJA DO NORTE)"
  },
  {
    "code" : "0099",
    "display" : "KARAPANA (CARAPANA, MUTEAMASA, UKOPINO­PONA)"
  },
  {
    "code" : "0100",
    "display" : "KARAPOTO (CARAPOTO)"
  },
  {
    "code" : "0101",
    "display" : "KARIPUNA (CARIPUNA)"
  },
  {
    "code" : "0102",
    "display" : "KARIPUNA DO AMAPA (CARIPUNA)"
  },
  {
    "code" : "0103",
    "display" : "KARIRI (CARIRI)"
  },
  {
    "code" : "0104",
    "display" : "KARIRI-XOCO (CARIRI-CHOCO)"
  },
  {
    "code" : "0105",
    "display" : "KARITIANA (CARITIANA)"
  },
  {
    "code" : "0106",
    "display" : "KATAWIXI (KATAUIXI, KATAWIN, KATAWISI, CATAUICHI)"
  },
  {
    "code" : "0107",
    "display" : "KATUENA (CATUENA, KATWENA)"
  },
  {
    "code" : "0108",
    "display" : "KATUKINA (PEDA DJAPA)"
  },
  {
    "code" : "0109",
    "display" : "KATUKINA DO ACRE"
  },
  {
    "code" : "0110",
    "display" : "KAXARARI (CAXARARI)"
  },
  {
    "code" : "0111",
    "display" : "KAXINAWA (HUNI-KUIN, CASHINAUA, CAXINAUA)"
  },
  {
    "code" : "0112",
    "display" : "KAXIXO"
  },
  {
    "code" : "0113",
    "display" : "KAXUYANA (CAXUIANA)"
  },
  {
    "code" : "0114",
    "display" : "KAYAPO (CAIAPO)"
  },
  {
    "code" : "0115",
    "display" : "KAYAPO KARARAO (KARARAO)"
  },
  {
    "code" : "0116",
    "display" : "KAYAPO TXUKAHAMAE (TXUKAHAMAE)"
  },
  {
    "code" : "0117",
    "display" : "KAYAPO XICRIM (XIKRIN)"
  },
  {
    "code" : "0118",
    "display" : "KAYUISANA (CAIXANA, CAUIXANA, KAIXANA)"
  },
  {
    "code" : "0119",
    "display" : "KINIKINAWA (GUAN, KOINUKOEN, KINIKINAO)"
  },
  {
    "code" : "0120",
    "display" : "KIRIRI"
  },
  {
    "code" : "0121",
    "display" : "KOCAMA (COCAMA, KOKAMA)"
  },
  {
    "code" : "0122",
    "display" : "KOKUIREGATEJE"
  },
  {
    "code" : "0123",
    "display" : "KORUBO"
  },
  {
    "code" : "0124",
    "display" : "KRAHO (CRAO, KRAO)"
  },
  {
    "code" : "0125",
    "display" : "KREJE (KRENYE)"
  },
  {
    "code" : "0126",
    "display" : "KRENAK (BORUN, CRENAQUE)"
  },
  {
    "code" : "0127",
    "display" : "KRIKATI (KRINKATI)"
  },
  {
    "code" : "0128",
    "display" : "KUBEO (CUBEO, COBEWA, KUBEWA, PAMIWA, CU­BEU)"
  },
  {
    "code" : "0129",
    "display" : "KUIKURO (KUIKURU, CUICURO)"
  },
  {
    "code" : "0130",
    "display" : "KUJUBIM (KUYUBI, CUJUBIM)"
  },
  {
    "code" : "0131",
    "display" : "KULINA PANO (CULINA)"
  },
  {
    "code" : "0132",
    "display" : "KULINA/MADIHA (CULINA, MADIJA, MADIHA)"
  },
  {
    "code" : "0133",
    "display" : "KURIPAKO (CURIPACO, CURRIPACO, CORIPACO, WAKUENAI)"
  },
  {
    "code" : "0134",
    "display" : "KURUAIA (CURUAIA)"
  },
  {
    "code" : "0135",
    "display" : "KWAZA (COAIA, KOAIA)"
  },
  {
    "code" : "0136",
    "display" : "MACHINERI (MANCHINERI, MANXINERI)"
  },
  {
    "code" : "0137",
    "display" : "MACURAP (MAKURAP)"
  },
  {
    "code" : "0138",
    "display" : "MAKU DOW (DOW)"
  },
  {
    "code" : "0139",
    "display" : "MAKU HUPDA (HUPDA)"
  },
  {
    "code" : "0140",
    "display" : "MAKU NADEB (NADEB)"
  },
  {
    "code" : "0141",
    "display" : "MAKU YUHUPDE (YUHUPDE)"
  },
  {
    "code" : "0142",
    "display" : "MAKUNA (MACUNA, YEBA-MASA)"
  },
  {
    "code" : "0143",
    "display" : "MAKUXI (MACUXI, MACHUSI, PEMON)"
  },
  {
    "code" : "0144",
    "display" : "MARIMAM (MARIMA)"
  },
  {
    "code" : "0145",
    "display" : "MARUBO"
  },
  {
    "code" : "0146",
    "display" : "MATIPU"
  },
  {
    "code" : "0147",
    "display" : "MATIS"
  },
  {
    "code" : "0148",
    "display" : "MATSE (MAYORUNA)"
  },
  {
    "code" : "0149",
    "display" : "MAXAKALI (MAXACALI)"
  },
  {
    "code" : "0150",
    "display" : "MAYA (MAYA)"
  },
  {
    "code" : "0151",
    "display" : "MAYTAPU"
  },
  {
    "code" : "0152",
    "display" : "MEHINAKO (MEINAKU, MEINACU)"
  },
  {
    "code" : "0153",
    "display" : "MEKEN (MEQUEM, MEKHEM, MICHENS)"
  },
  {
    "code" : "0154",
    "display" : "MENKY (MYKY, MUNKU, MENKI, MYNKY)"
  },
  {
    "code" : "0155",
    "display" : "MIRANHA (MIRANHA, MIRANA)"
  },
  {
    "code" : "0156",
    "display" : "MIRITI TAPUIA (MIRITI-TAPUYA, BUIA-TAPUYA)"
  },
  {
    "code" : "0157",
    "display" : "MUNDURUKU (MUNDURUCU)"
  },
  {
    "code" : "0158",
    "display" : "MURA"
  },
  {
    "code" : "0159",
    "display" : "NAHUKWA (NAFUQUA)"
  },
  {
    "code" : "0160",
    "display" : "NAMBIKWARA DO CAMPO (HALOTESU, KITHAULU, WAKALITESU, SAWENTES, MANDUKA)"
  },
  {
    "code" : "0161",
    "display" : "NAMBIKWARA DO NORTE (NEGAROTE ,MAMAIN­DE, LATUNDE, SABANE E MANDUKA, TAWANDE)"
  },
  {
    "code" : "0162",
    "display" : "NAMBIKWARA DO SUL (WASUSU ,HAHAINTESU, ALANTESU, WAIKISU, ALAKETESU, WASUSU, SA­RARE)"
  },
  {
    "code" : "0163",
    "display" : "NARAVUTE (NARUVOTO)"
  },
  {
    "code" : "0164",
    "display" : "NAWA (NAUA)"
  },
  {
    "code" : "0165",
    "display" : "NUKINI (NUQUINI, NUKUINI)"
  },
  {
    "code" : "0166",
    "display" : "OFAIE (OFAYE-XAVANTE)"
  },
  {
    "code" : "0167",
    "display" : "ORO WIN"
  },
  {
    "code" : "0168",
    "display" : "PAIAKU (JENIPAPO-KANINDE)"
  },
  {
    "code" : "0169",
    "display" : "PAKAA NOVA (WARI, PACAAS NOVOS)"
  },
  {
    "code" : "0170",
    "display" : "PALIKUR (AUKWAYENE, AUKUYENE, PALIKU'ENE)"
  },
  {
    "code" : "0171",
    "display" : "PANARA (KRENHAKARORE , KRENAKORE, KRENA­KARORE)"
  },
  {
    "code" : "0172",
    "display" : "PANKARARE (PANCARARE)"
  },
  {
    "code" : "0173",
    "display" : "PANKARARU (PANCARARU)"
  },
  {
    "code" : "0174",
    "display" : "PANKARARU KALANKO (KALANKO)"
  },
  {
    "code" : "0175",
    "display" : "PANKARARU KARUAZU (KARUAZU)"
  },
  {
    "code" : "0176",
    "display" : "PANKARU (PANCARU)"
  },
  {
    "code" : "0177",
    "display" : "PARAKANA (PARACANA, APITEREWA, AWAETE)"
  },
  {
    "code" : "0178",
    "display" : "PARECI (PARESI, HALITI)"
  },
  {
    "code" : "0179",
    "display" : "PARINTINTIN"
  },
  {
    "code" : "0180",
    "display" : "PATAMONA (KAPON)"
  },
  {
    "code" : "0181",
    "display" : "PATAXO"
  },
  {
    "code" : "0182",
    "display" : "PATAXO HA-HA-HAE"
  },
  {
    "code" : "0183",
    "display" : "PAUMARI (PALMARI)"
  },
  {
    "code" : "0184",
    "display" : "PAUMELENHO"
  },
  {
    "code" : "0185",
    "display" : "PIRAHA (MURA PIRAHA)"
  },
  {
    "code" : "0186",
    "display" : "PIRATUAPUIA (PIRATAPUYA, PIRATAPUYO, PIRA­TAPUYA, WAIKANA)"
  },
  {
    "code" : "0187",
    "display" : "PITAGUARI"
  },
  {
    "code" : "0188",
    "display" : "POTIGUARA"
  },
  {
    "code" : "0189",
    "display" : "POYANAWA (POIANAUA)"
  },
  {
    "code" : "0190",
    "display" : "RIKBAKTSA (CANOEIROS, ERIGPAKTSA)"
  },
  {
    "code" : "0191",
    "display" : "SAKURABIAT (MEKENS, SAKIRABIAP, SAKIRABIAR)"
  },
  {
    "code" : "0192",
    "display" : "SATERE-MAWE (SATERE-MAUE)"
  },
  {
    "code" : "0193",
    "display" : "SHANENAWA (KATUKINA)"
  },
  {
    "code" : "0194",
    "display" : "SIRIANO (SIRIA-MASA)"
  },
  {
    "code" : "0195",
    "display" : "SURIANA"
  },
  {
    "code" : "0196",
    "display" : "SURUI DE RONDONIA (PAITER)"
  },
  {
    "code" : "0197",
    "display" : "SURUI DO PARA (AIKEWARA)"
  },
  {
    "code" : "0198",
    "display" : "SUYA (SUIA/KISEDJE)"
  },
  {
    "code" : "0199",
    "display" : "TAPAYUNA (BEICO-DE-PAU)"
  },
  {
    "code" : "0200",
    "display" : "TAPEBA"
  },
  {
    "code" : "0201",
    "display" : "TAPIRAPE (TAPI'IRAPE)"
  },
  {
    "code" : "0202",
    "display" : "TAPUIA (TAPUIA-XAVANTE, TAPUIO)"
  },
  {
    "code" : "0203",
    "display" : "TARIANO (TARIANA, TALIASERI)"
  },
  {
    "code" : "0204",
    "display" : "TAUREPANG (TAULIPANG, PEMON, AREKUNA, PA­GEYN)"
  },
  {
    "code" : "0205",
    "display" : "TEMBE"
  },
  {
    "code" : "0206",
    "display" : "TENHARIM"
  },
  {
    "code" : "0207",
    "display" : "TERENA"
  },
  {
    "code" : "0208",
    "display" : "TICUNA (TIKUNA, TUKUNA, MAGUTA)"
  },
  {
    "code" : "0209",
    "display" : "TINGUI BOTO"
  },
  {
    "code" : "0210",
    "display" : "TIRIYO EWARHUYANA (TIRIYO, TRIO, TARONA, YAWI, PIANOKOTO)"
  },
  {
    "code" : "0211",
    "display" : "TIRIYO KAH'YANA (TIRIYO, TRIO, TARONA, YAWI, PIANOKOTO)"
  },
  {
    "code" : "0212",
    "display" : "TIRIYO TSIKUYANA (TIRIYO, TRIO, TARONA, YAWI, PIANOKOTO)"
  },
  {
    "code" : "0213",
    "display" : "TORA"
  },
  {
    "code" : "0214",
    "display" : "TREMEMBE"
  },
  {
    "code" : "0215",
    "display" : "TRUKA"
  },
  {
    "code" : "0216",
    "display" : "TRUMAI"
  },
  {
    "code" : "0217",
    "display" : "TSOHOM DJAPA (TSUNHUM-DJAPA)"
  },
  {
    "code" : "0218",
    "display" : "TUKANO (TUCANO, YE'PA-MASA, DASEA)"
  },
  {
    "code" : "0219",
    "display" : "TUMBALALA"
  },
  {
    "code" : "0220",
    "display" : "TUNAYANA"
  },
  {
    "code" : "0221",
    "display" : "TUPARI"
  },
  {
    "code" : "0222",
    "display" : "TUPINAMBA"
  },
  {
    "code" : "0223",
    "display" : "TUPINIQUIM"
  },
  {
    "code" : "0224",
    "display" : "TURIWARA"
  },
  {
    "code" : "0225",
    "display" : "TUXA"
  },
  {
    "code" : "0226",
    "display" : "TUYUKA (TUIUCA, DOKAPUARA, UTAPINOMAKA­PHONA)"
  },
  {
    "code" : "0227",
    "display" : "TXIKAO (TXICAO, IKPENG)"
  },
  {
    "code" : "0228",
    "display" : "UMUTINA (OMOTINA, BARBADOS)"
  },
  {
    "code" : "0229",
    "display" : "URU-EU-WAU-WAU (URUEU-UAU-UAU, URUPAIN, URUPA)"
  },
  {
    "code" : "0230",
    "display" : "WAI WAI HIXKARYANA (HIXKARYANA)"
  },
  {
    "code" : "0231",
    "display" : "WAI WAI KARAFAWYANA (KARAFAWYANA, KARA­PAWYANA)"
  },
  {
    "code" : "0232",
    "display" : "WAI WAI XEREU (XEREU)"
  },
  {
    "code" : "0233",
    "display" : "WAI WAI KATUENA (KATUENA)"
  },
  {
    "code" : "0234",
    "display" : "WAI WAI MAWAYANA (MAWAYANA)"
  },
  {
    "code" : "0235",
    "display" : "WAIAPI (WAYAMPI, OYAMPI, WAYAPY, )"
  },
  {
    "code" : "0236",
    "display" : "WAIMIRI ATROARI (KINA)"
  },
  {
    "code" : "0237",
    "display" : "WANANO (UANANO, WANANA)"
  },
  {
    "code" : "0238",
    "display" : "WAPIXANA (UAPIXANA, VAPIDIANA, WAPISIANA, WAPISHANA)"
  },
  {
    "code" : "0239",
    "display" : "WAREKENA (UAREQUENA, WEREKENA)"
  },
  {
    "code" : "0240",
    "display" : "WASSU"
  },
  {
    "code" : "0241",
    "display" : "WAURA (UAURA, WAUJA)"
  },
  {
    "code" : "0242",
    "display" : "WAYANA (WAIANA, UAIANA)"
  },
  {
    "code" : "0243",
    "display" : "WITOTO (UITOTO, HUITOTO)"
  },
  {
    "code" : "0244",
    "display" : "XAKRIABA (XACRIABA)"
  },
  {
    "code" : "0245",
    "display" : "XAVANTE (A'UWE, AKWE, AWEN, AKWEN)"
  },
  {
    "code" : "0246",
    "display" : "XERENTE (AKWE, AWEN, AKWEN)"
  },
  {
    "code" : "0247",
    "display" : "XETA"
  },
  {
    "code" : "0248",
    "display" : "XIPAIA (SHIPAYA, XIPAYA)"
  },
  {
    "code" : "0249",
    "display" : "XOKLENG (SHOKLENG, XOCLENG)"
  },
  {
    "code" : "0250",
    "display" : "XOKO (XOCO, CHOCO)"
  },
  {
    "code" : "0251",
    "display" : "XUKURU (XUCURU)"
  },
  {
    "code" : "0252",
    "display" : "XUKURU KARIRI (XUCURU-KARIRI)"
  },
  {
    "code" : "0253",
    "display" : "YAIPIYANA"
  },
  {
    "code" : "0254",
    "display" : "YAMINAWA (JAMINAWA, IAMINAWA)"
  },
  {
    "code" : "0255",
    "display" : "YANOMAMI NINAM (IANOMAMI, IANOAMA, XIRIA­NA)"
  },
  {
    "code" : "0256",
    "display" : "YANOMAMI SANUMA (IANOMAMI, IANOAMA, XI­RIANA)"
  },
  {
    "code" : "0257",
    "display" : "YANOMAMI YANOMAM (IANOMAMI, IANOAMA, XI­RIANA)"
  },
  {
    "code" : "0258",
    "display" : "YAWALAPITI (IAUALAPITI)"
  },
  {
    "code" : "0259",
    "display" : "YAWANAWA (IAUANAUA)"
  },
  {
    "code" : "0260",
    "display" : "YEKUANA (MAIONGON, YE'KUANA, YEKWANA, MAYONGONG)"
  },
  {
    "code" : "0261",
    "display" : "YUDJA (JURUNA, YURUNA)"
  },
  {
    "code" : "0262",
    "display" : "ZO'E (POTURU)"
  },
  {
    "code" : "0263",
    "display" : "ZORO (PAGEYN)"
  },
  {
    "code" : "0264",
    "display" : "ZURUAHA (SOROWAHA, SURUWAHA)"
  },
  {
    "code" : "X265",
    "display" : "AHANENAWA"
  },
  {
    "code" : "X266",
    "display" : "AICABA"
  },
  {
    "code" : "X267",
    "display" : "AIKANÃ-KWASÁ"
  },
  {
    "code" : "X269",
    "display" : "ALANTESU"
  },
  {
    "code" : "X271",
    "display" : "AMAWÁKA"
  },
  {
    "code" : "X272",
    "display" : "ANACÉ"
  },
  {
    "code" : "X276",
    "display" : "ARARA APOLIMA"
  },
  {
    "code" : "X278",
    "display" : "ARIPUANÁ"
  },
  {
    "code" : "X279",
    "display" : "ASSURINI"
  },
  {
    "code" : "X280",
    "display" : "AWUARÁ"
  },
  {
    "code" : "X281",
    "display" : "BORBA"
  },
  {
    "code" : "X282",
    "display" : "CABIXI"
  },
  {
    "code" : "X283",
    "display" : "CAMARARÉ"
  },
  {
    "code" : "X284",
    "display" : "CAMASURI"
  },
  {
    "code" : "X285",
    "display" : "CARA PRETA"
  },
  {
    "code" : "X286",
    "display" : "CHARRUA"
  },
  {
    "code" : "X287",
    "display" : "CUJUBIM"
  },
  {
    "code" : "X288",
    "display" : "DAW"
  },
  {
    "code" : "X289",
    "display" : "GAVIÃO"
  },
  {
    "code" : "X290",
    "display" : "GUARANI"
  },
  {
    "code" : "X291",
    "display" : "HALANTESU"
  },
  {
    "code" : "X292",
    "display" : "HALOTESU"
  },
  {
    "code" : "X293",
    "display" : "HENGATÚ"
  },
  {
    "code" : "X294",
    "display" : "HIXKARYANA"
  },
  {
    "code" : "X295",
    "display" : "HUPDE"
  },
  {
    "code" : "X296",
    "display" : "HUPDES"
  },
  {
    "code" : "X297",
    "display" : "IAUANAUA"
  },
  {
    "code" : "X298",
    "display" : "IAUARETE AÇU"
  },
  {
    "code" : "X299",
    "display" : "IKPENG"
  },
  {
    "code" : "X300",
    "display" : "INAMBU"
  },
  {
    "code" : "X301",
    "display" : "INHABARANA"
  },
  {
    "code" : "X302",
    "display" : "JAVAE"
  },
  {
    "code" : "X303",
    "display" : "JENIPAPO"
  },
  {
    "code" : "X304",
    "display" : "JENIPAPO-KANINDE"
  },
  {
    "code" : "X305",
    "display" : "JIAHOI"
  },
  {
    "code" : "X306",
    "display" : "KAIOWA"
  },
  {
    "code" : "X307",
    "display" : "KAMPA"
  },
  {
    "code" : "X308",
    "display" : "KANELA"
  },
  {
    "code" : "X309",
    "display" : "KARAFAWYANA"
  },
  {
    "code" : "X310",
    "display" : "KARARAO"
  },
  {
    "code" : "X311",
    "display" : "KARUBO"
  },
  {
    "code" : "X312",
    "display" : "KASSUPÁ"
  },
  {
    "code" : "X313",
    "display" : "KATITHÃULU"
  },
  {
    "code" : "X314",
    "display" : "KATOKIN"
  },
  {
    "code" : "X315",
    "display" : "KATUKINA PANO"
  },
  {
    "code" : "X316",
    "display" : "KATUKINA PEDA DJAPA"
  },
  {
    "code" : "X317",
    "display" : "KATUKINA SHANENAUWA"
  },
  {
    "code" : "X318",
    "display" : "KAXAGO"
  },
  {
    "code" : "X319",
    "display" : "KAYABI"
  },
  {
    "code" : "X320",
    "display" : "KINÃ (WAIMIRI-ATROARI)"
  },
  {
    "code" : "X321",
    "display" : "KIRIRI-BARRA"
  },
  {
    "code" : "X322",
    "display" : "KITHÃULU"
  },
  {
    "code" : "X323",
    "display" : "KOIAIÁ"
  },
  {
    "code" : "X324",
    "display" : "KOIUPANKÁ"
  },
  {
    "code" : "X325",
    "display" : "KONTANAWA"
  },
  {
    "code" : "X326",
    "display" : "KRAHÔ KANELA"
  },
  {
    "code" : "X327",
    "display" : "KULINA"
  },
  {
    "code" : "X328",
    "display" : "LATUNDÊ"
  },
  {
    "code" : "X329",
    "display" : "MAKU"
  },
  {
    "code" : "X330",
    "display" : "MAKUNAMBÉ"
  },
  {
    "code" : "X331",
    "display" : "MAMAINDÊ"
  },
  {
    "code" : "X332",
    "display" : "MAMURI"
  },
  {
    "code" : "X333",
    "display" : "MANACAPURU"
  },
  {
    "code" : "X334",
    "display" : "MANAIRISSU"
  },
  {
    "code" : "X335",
    "display" : "MANCHINERI"
  },
  {
    "code" : "X336",
    "display" : "MANDUCA"
  },
  {
    "code" : "X337",
    "display" : "MARIBONDO"
  },
  {
    "code" : "X338",
    "display" : "MASSAKA"
  },
  {
    "code" : "X339",
    "display" : "MAWAYANA"
  },
  {
    "code" : "X340",
    "display" : "MAWÉ"
  },
  {
    "code" : "X341",
    "display" : "MAYORUNA"
  },
  {
    "code" : "X342",
    "display" : "MIQUELENO"
  },
  {
    "code" : "X343",
    "display" : "MOKURIÑ"
  },
  {
    "code" : "X344",
    "display" : "MON ORO WARAM"
  },
  {
    "code" : "X345",
    "display" : "MUTUM"
  },
  {
    "code" : "X346",
    "display" : "MYKY"
  },
  {
    "code" : "X347",
    "display" : "NADEB"
  },
  {
    "code" : "X348",
    "display" : "NAMBIKWARA"
  },
  {
    "code" : "X349",
    "display" : "NEGAROTÊ"
  },
  {
    "code" : "X350",
    "display" : "NHENGATU"
  },
  {
    "code" : "X351",
    "display" : "OFAIE XAVANTE"
  },
  {
    "code" : "X352",
    "display" : "ONÇA"
  },
  {
    "code" : "X353",
    "display" : "ORO AT"
  },
  {
    "code" : "X354",
    "display" : "ORO EO"
  },
  {
    "code" : "X355",
    "display" : "ORO JOWIN"
  },
  {
    "code" : "X356",
    "display" : "ORO MIYLIN"
  },
  {
    "code" : "X357",
    "display" : "ORO MON"
  },
  {
    "code" : "X358",
    "display" : "ORO NÁO"
  },
  {
    "code" : "X359",
    "display" : "ORO WAM"
  },
  {
    "code" : "X360",
    "display" : "ORO WARAM"
  },
  {
    "code" : "X361",
    "display" : "ORO WARAM XIJEIN"
  },
  {
    "code" : "X362",
    "display" : "PACA"
  },
  {
    "code" : "X363",
    "display" : "PANKARÁ"
  },
  {
    "code" : "X364",
    "display" : "PAPAGAIO"
  },
  {
    "code" : "X365",
    "display" : "PAYAYÁ"
  },
  {
    "code" : "X366",
    "display" : "PIPIPAN"
  },
  {
    "code" : "X367",
    "display" : "PIRATA"
  },
  {
    "code" : "X368",
    "display" : "PUROBORÁ"
  },
  {
    "code" : "X369",
    "display" : "SABANÊ"
  },
  {
    "code" : "X370",
    "display" : "SANUMA"
  },
  {
    "code" : "X371",
    "display" : "SAWENTESÚ"
  },
  {
    "code" : "X372",
    "display" : "SILCY-TAPUYA"
  },
  {
    "code" : "X373",
    "display" : "SIUCI"
  },
  {
    "code" : "X374",
    "display" : "TABAJARA"
  },
  {
    "code" : "X375",
    "display" : "TAKUARA"
  },
  {
    "code" : "X376",
    "display" : "TATU"
  },
  {
    "code" : "X377",
    "display" : "TAWANDÊ"
  },
  {
    "code" : "X378",
    "display" : "TEFÉ"
  },
  {
    "code" : "X379",
    "display" : "TIMBIRA"
  },
  {
    "code" : "X380",
    "display" : "TORÁ DO BAIXO GRANDE"
  },
  {
    "code" : "X381",
    "display" : "TSUNHUM-DJAPÁ"
  },
  {
    "code" : "X382",
    "display" : "TUBARÃO"
  },
  {
    "code" : "X383",
    "display" : "TUPAIU"
  },
  {
    "code" : "X384",
    "display" : "TUPI"
  },
  {
    "code" : "X385",
    "display" : "TUPINAMBÁ DE BELMONTE"
  },
  {
    "code" : "X386",
    "display" : "URUBU"
  },
  {
    "code" : "X387",
    "display" : "URUBU KAAPOR"
  },
  {
    "code" : "X388",
    "display" : "URUPÁ"
  },
  {
    "code" : "X389",
    "display" : "WAI WAI"
  },
  {
    "code" : "X390",
    "display" : "WAIKISU"
  },
  {
    "code" : "X391",
    "display" : "WAKALITESÚ"
  },
  {
    "code" : "X392",
    "display" : "WASSUSU"
  },
  {
    "code" : "X393",
    "display" : "XEREU"
  },
  {
    "code" : "X394",
    "display" : "XI EIN"
  },
  {
    "code" : "X395",
    "display" : "XICRIN"
  },
  {
    "code" : "X396",
    "display" : "XIPAYA"
  },
  {
    "code" : "X397",
    "display" : "XIRIANA"
  },
  {
    "code" : "X398",
    "display" : "XIRUAI"
  },
  {
    "code" : "X399",
    "display" : "YEPAMASSÃ"
  },
  {
    "code" : "X400",
    "display" : "TIRIYÓ"
  },
  {
    "code" : "X401",
    "display" : "YANOMAMI"
  },
  {
    "code" : "X402",
    "display" : "ARARA"
  },
  {
    "code" : "X403",
    "display" : "SAKIRIABAR"
  },
  {
    "code" : "X404",
    "display" : "TATZ"
  },
  {
    "code" : "X405",
    "display" : "SEM INFORMACAO"
  }]
}