{"resourceType":"CodeSystem","id":"BRTipoLogradouro","meta":{"lastUpdated":"2020-04-02T13:03:21.687+00:00"},"language":"pt-BR","text":{"status":"generated","div":"<div xmlns=\"http://www.w3.org/1999/xhtml\" xml:lang=\"pt-BR\" lang=\"pt-BR\"><p>This code system <code>https://prefeitura-rio.github.io/sms-rjcore-fhir/CodeSystem/BRTipoLogradouro</code> defines the following codes:</p><table class=\"codes\"><tr><td style=\"white-space:nowrap\"><b>Code</b></td><td><b>Display</b></td></tr><tr><td style=\"white-space:nowrap\">008<a name=\"BRTipoLogradouro-008\"> </a></td><td>Avenida</td></tr><tr><td style=\"white-space:nowrap\">081<a name=\"BRTipoLogradouro-081\"> </a></td><td>Rua</td></tr></table></div>"},"extension":[{"url":"http://hl7.org/fhir/StructureDefinition/structuredefinition-fmm","valueInteger":1,"_valueInteger":{"extension":[{"url":"http://hl7.org/fhir/StructureDefinition/structuredefinition-conformance-derivedFrom","valueCanonical":"https://rnds-fhir.saude.gov.br/ImplementationGuide/rnds"}]}},{"url":"http://hl7.org/fhir/StructureDefinition/structuredefinition-standards-status","valueCode":"informative","_valueCode":{"extension":[{"url":"http://hl7.org/fhir/StructureDefinition/structuredefinition-conformance-derivedFrom","valueCanonical":"https://rnds-fhir.saude.gov.br/ImplementationGuide/rnds"}]}}],"url":"https://prefeitura-rio.github.io/sms-rjcore-fhir/CodeSystem/BRTipoLogradouro","version":"0.1.0","name":"TipoLogradouro","title":"Tipo de Logradouro","status":"active","experimental":false,"date":"2020-04-02T13:03:18.6480245+00:00","publisher":"Secretaria Municipal de Saúde da Prefeitura do Rio de Janeiro","contact":[{"name":"Secretaria Municipal de Saúde da Prefeitura do Rio de Janeiro","telecom":[{"system":"url","value":"https://prefeitura.rio/"}]}],"description":"Classificação os tipos de logradouros existentes para uso em endereços estruturados.","jurisdiction":[{"coding":[{"system":"urn:iso:std:iso:3166","code":"BR","display":"Brazil"}]}],"caseSensitive":true,"hierarchyMeaning":"grouped-by","content":"complete","count":2,"concept":[{"code":"008","display":"Avenida"},{"code":"081","display":"Rua"}]}