{"resourceType":"ImplementationGuide","id":"org.rj-sms.br.core","text":{"status":"extensions","div":"<div xmlns=\"http://www.w3.org/1999/xhtml\"><h2>RJCore</h2><p>The official URL for this implementation guide is: </p><pre>https://prefeitura-rio.github.io/sms-rjcore-fhir/ImplementationGuide/org.rj-sms.br.core</pre><div><p>Este é o Guia de Implementação criado pela Prefeitura do Rio de Janeiro</p>\n</div></div>"},"url":"https://prefeitura-rio.github.io/sms-rjcore-fhir/ImplementationGuide/org.rj-sms.br.core","version":"0.1.0","name":"RJCore","title":"RJ Core Guia de Implementação","status":"draft","date":"2023-07-15T19:27:39+00:00","publisher":"Secretaria Municipal de Saúde da Prefeitura do Rio de Janeiro","contact":[{"name":"Secretaria Municipal de Saúde da Prefeitura do Rio de Janeiro","telecom":[{"system":"url","value":"https://prefeitura.rio/"}]}],"description":"Este é o Guia de Implementação criado pela Prefeitura do Rio de Janeiro","jurisdiction":[{"coding":[{"system":"urn:iso:std:iso:3166","code":"BR","display":"Brazil"}]}],"packageId":"org.rj-sms.br.core","license":"CC0-1.0","fhirVersion":["4.0.1"],"dependsOn":[{"id":"hl7tx","extension":[{"url":"http://hl7.org/fhir/tools/StructureDefinition/implementationguide-dependency-comment","valueMarkdown":"Automatically added as a dependency - all IGs depend on HL7 Terminology"}],"uri":"http://terminology.hl7.org/ImplementationGuide/hl7.terminology","packageId":"hl7.terminology.r4","version":"5.0.0"},{"id":"hl7ext","extension":[{"url":"http://hl7.org/fhir/tools/StructureDefinition/implementationguide-dependency-comment","valueMarkdown":"Automatically added as a dependency - all IGs depend on the HL7 Extension Pack"}],"uri":"http://hl7.org/fhir/extensions/ImplementationGuide/hl7.fhir.uv.extensions","packageId":"hl7.fhir.uv.extensions.r4","version":"1.0.0"},{"id":"hl7_fhir_uv_ips","uri":"http://hl7.org/fhir/uv/ips/ImplementationGuide/hl7.fhir.uv.ips","packageId":"hl7.fhir.uv.ips","version":"1.0.0"}],"definition":{"extension":[{"extension":[{"url":"code","valueString":"copyrightyear"},{"url":"value","valueString":"2023+"}],"url":"http://hl7.org/fhir/tools/StructureDefinition/ig-parameter"},{"extension":[{"url":"code","valueString":"releaselabel"},{"url":"value","valueString":"draft"}],"url":"http://hl7.org/fhir/tools/StructureDefinition/ig-parameter"},{"extension":[{"url":"code","valueString":"autoload-resources"},{"url":"value","valueString":"true"}],"url":"http://hl7.org/fhir/tools/StructureDefinition/ig-parameter"},{"extension":[{"url":"code","valueString":"path-liquid"},{"url":"value","valueString":"template/liquid"}],"url":"http://hl7.org/fhir/tools/StructureDefinition/ig-parameter"},{"extension":[{"url":"code","valueString":"path-liquid"},{"url":"value","valueString":"input/liquid"}],"url":"http://hl7.org/fhir/tools/StructureDefinition/ig-parameter"},{"extension":[{"url":"code","valueString":"path-qa"},{"url":"value","valueString":"temp/qa"}],"url":"http://hl7.org/fhir/tools/StructureDefinition/ig-parameter"},{"extension":[{"url":"code","valueString":"path-temp"},{"url":"value","valueString":"temp/pages"}],"url":"http://hl7.org/fhir/tools/StructureDefinition/ig-parameter"},{"extension":[{"url":"code","valueString":"path-output"},{"url":"value","valueString":"output"}],"url":"http://hl7.org/fhir/tools/StructureDefinition/ig-parameter"},{"extension":[{"url":"code","valueString":"path-suppressed-warnings"},{"url":"value","valueString":"input/ignoreWarnings.txt"}],"url":"http://hl7.org/fhir/tools/StructureDefinition/ig-parameter"},{"extension":[{"url":"code","valueString":"path-history"},{"url":"value","valueString":"https://prefeitura-rio.github.io/sms-rjcore-fhir/history.html"}],"url":"http://hl7.org/fhir/tools/StructureDefinition/ig-parameter"},{"extension":[{"url":"code","valueString":"template-html"},{"url":"value","valueString":"template-page.html"}],"url":"http://hl7.org/fhir/tools/StructureDefinition/ig-parameter"},{"extension":[{"url":"code","valueString":"template-md"},{"url":"value","valueString":"template-page-md.html"}],"url":"http://hl7.org/fhir/tools/StructureDefinition/ig-parameter"},{"extension":[{"url":"code","valueString":"apply-contact"},{"url":"value","valueString":"true"}],"url":"http://hl7.org/fhir/tools/StructureDefinition/ig-parameter"},{"extension":[{"url":"code","valueString":"apply-context"},{"url":"value","valueString":"true"}],"url":"http://hl7.org/fhir/tools/StructureDefinition/ig-parameter"},{"extension":[{"url":"code","valueString":"apply-copyright"},{"url":"value","valueString":"true"}],"url":"http://hl7.org/fhir/tools/StructureDefinition/ig-parameter"},{"extension":[{"url":"code","valueString":"apply-jurisdiction"},{"url":"value","valueString":"true"}],"url":"http://hl7.org/fhir/tools/StructureDefinition/ig-parameter"},{"extension":[{"url":"code","valueString":"apply-license"},{"url":"value","valueString":"true"}],"url":"http://hl7.org/fhir/tools/StructureDefinition/ig-parameter"},{"extension":[{"url":"code","valueString":"apply-publisher"},{"url":"value","valueString":"true"}],"url":"http://hl7.org/fhir/tools/StructureDefinition/ig-parameter"},{"extension":[{"url":"code","valueString":"apply-version"},{"url":"value","valueString":"true"}],"url":"http://hl7.org/fhir/tools/StructureDefinition/ig-parameter"},{"extension":[{"url":"code","valueString":"active-tables"},{"url":"value","valueString":"true"}],"url":"http://hl7.org/fhir/tools/StructureDefinition/ig-parameter"},{"extension":[{"url":"code","valueString":"fmm-definition"},{"url":"value","valueString":"http://hl7.org/fhir/versions.html#maturity"}],"url":"http://hl7.org/fhir/tools/StructureDefinition/ig-parameter"},{"extension":[{"url":"code","valueString":"propagate-status"},{"url":"value","valueString":"true"}],"url":"http://hl7.org/fhir/tools/StructureDefinition/ig-parameter"},{"extension":[{"url":"code","valueString":"excludelogbinaryformat"},{"url":"value","valueString":"true"}],"url":"http://hl7.org/fhir/tools/StructureDefinition/ig-parameter"},{"extension":[{"url":"code","valueString":"tabbed-snapshots"},{"url":"value","valueString":"true"}],"url":"http://hl7.org/fhir/tools/StructureDefinition/ig-parameter"},{"url":"http://hl7.org/fhir/tools/StructureDefinition/ig-internal-dependency","valueCode":"hl7.fhir.uv.tools#current"},{"extension":[{"url":"code","valueCode":"copyrightyear"},{"url":"value","valueString":"2023+"}],"url":"http://hl7.org/fhir/tools/StructureDefinition/ig-parameter"},{"extension":[{"url":"code","valueCode":"releaselabel"},{"url":"value","valueString":"draft"}],"url":"http://hl7.org/fhir/tools/StructureDefinition/ig-parameter"},{"extension":[{"url":"code","valueCode":"autoload-resources"},{"url":"value","valueString":"true"}],"url":"http://hl7.org/fhir/tools/StructureDefinition/ig-parameter"},{"extension":[{"url":"code","valueCode":"path-liquid"},{"url":"value","valueString":"template/liquid"}],"url":"http://hl7.org/fhir/tools/StructureDefinition/ig-parameter"},{"extension":[{"url":"code","valueCode":"path-liquid"},{"url":"value","valueString":"input/liquid"}],"url":"http://hl7.org/fhir/tools/StructureDefinition/ig-parameter"},{"extension":[{"url":"code","valueCode":"path-qa"},{"url":"value","valueString":"temp/qa"}],"url":"http://hl7.org/fhir/tools/StructureDefinition/ig-parameter"},{"extension":[{"url":"code","valueCode":"path-temp"},{"url":"value","valueString":"temp/pages"}],"url":"http://hl7.org/fhir/tools/StructureDefinition/ig-parameter"},{"extension":[{"url":"code","valueCode":"path-output"},{"url":"value","valueString":"output"}],"url":"http://hl7.org/fhir/tools/StructureDefinition/ig-parameter"},{"extension":[{"url":"code","valueCode":"path-suppressed-warnings"},{"url":"value","valueString":"input/ignoreWarnings.txt"}],"url":"http://hl7.org/fhir/tools/StructureDefinition/ig-parameter"},{"extension":[{"url":"code","valueCode":"path-history"},{"url":"value","valueString":"https://prefeitura-rio.github.io/sms-rjcore-fhir/history.html"}],"url":"http://hl7.org/fhir/tools/StructureDefinition/ig-parameter"},{"extension":[{"url":"code","valueCode":"template-html"},{"url":"value","valueString":"template-page.html"}],"url":"http://hl7.org/fhir/tools/StructureDefinition/ig-parameter"},{"extension":[{"url":"code","valueCode":"template-md"},{"url":"value","valueString":"template-page-md.html"}],"url":"http://hl7.org/fhir/tools/StructureDefinition/ig-parameter"},{"extension":[{"url":"code","valueCode":"apply-contact"},{"url":"value","valueString":"true"}],"url":"http://hl7.org/fhir/tools/StructureDefinition/ig-parameter"},{"extension":[{"url":"code","valueCode":"apply-context"},{"url":"value","valueString":"true"}],"url":"http://hl7.org/fhir/tools/StructureDefinition/ig-parameter"},{"extension":[{"url":"code","valueCode":"apply-copyright"},{"url":"value","valueString":"true"}],"url":"http://hl7.org/fhir/tools/StructureDefinition/ig-parameter"},{"extension":[{"url":"code","valueCode":"apply-jurisdiction"},{"url":"value","valueString":"true"}],"url":"http://hl7.org/fhir/tools/StructureDefinition/ig-parameter"},{"extension":[{"url":"code","valueCode":"apply-license"},{"url":"value","valueString":"true"}],"url":"http://hl7.org/fhir/tools/StructureDefinition/ig-parameter"},{"extension":[{"url":"code","valueCode":"apply-publisher"},{"url":"value","valueString":"true"}],"url":"http://hl7.org/fhir/tools/StructureDefinition/ig-parameter"},{"extension":[{"url":"code","valueCode":"apply-version"},{"url":"value","valueString":"true"}],"url":"http://hl7.org/fhir/tools/StructureDefinition/ig-parameter"},{"extension":[{"url":"code","valueCode":"active-tables"},{"url":"value","valueString":"true"}],"url":"http://hl7.org/fhir/tools/StructureDefinition/ig-parameter"},{"extension":[{"url":"code","valueCode":"fmm-definition"},{"url":"value","valueString":"http://hl7.org/fhir/versions.html#maturity"}],"url":"http://hl7.org/fhir/tools/StructureDefinition/ig-parameter"},{"extension":[{"url":"code","valueCode":"propagate-status"},{"url":"value","valueString":"true"}],"url":"http://hl7.org/fhir/tools/StructureDefinition/ig-parameter"},{"extension":[{"url":"code","valueCode":"excludelogbinaryformat"},{"url":"value","valueString":"true"}],"url":"http://hl7.org/fhir/tools/StructureDefinition/ig-parameter"},{"extension":[{"url":"code","valueCode":"tabbed-snapshots"},{"url":"value","valueString":"true"}],"url":"http://hl7.org/fhir/tools/StructureDefinition/ig-parameter"},{"extension":[{"url":"code","valueCode":"copyrightyear"},{"url":"value","valueString":"2023+"}],"url":"http://hl7.org/fhir/tools/StructureDefinition/ig-parameter"},{"extension":[{"url":"code","valueCode":"releaselabel"},{"url":"value","valueString":"draft"}],"url":"http://hl7.org/fhir/tools/StructureDefinition/ig-parameter"},{"extension":[{"url":"code","valueCode":"autoload-resources"},{"url":"value","valueString":"true"}],"url":"http://hl7.org/fhir/tools/StructureDefinition/ig-parameter"},{"extension":[{"url":"code","valueCode":"path-liquid"},{"url":"value","valueString":"template/liquid"}],"url":"http://hl7.org/fhir/tools/StructureDefinition/ig-parameter"},{"extension":[{"url":"code","valueCode":"path-liquid"},{"url":"value","valueString":"input/liquid"}],"url":"http://hl7.org/fhir/tools/StructureDefinition/ig-parameter"},{"extension":[{"url":"code","valueCode":"path-qa"},{"url":"value","valueString":"temp/qa"}],"url":"http://hl7.org/fhir/tools/StructureDefinition/ig-parameter"},{"extension":[{"url":"code","valueCode":"path-temp"},{"url":"value","valueString":"temp/pages"}],"url":"http://hl7.org/fhir/tools/StructureDefinition/ig-parameter"},{"extension":[{"url":"code","valueCode":"path-output"},{"url":"value","valueString":"output"}],"url":"http://hl7.org/fhir/tools/StructureDefinition/ig-parameter"},{"extension":[{"url":"code","valueCode":"path-suppressed-warnings"},{"url":"value","valueString":"input/ignoreWarnings.txt"}],"url":"http://hl7.org/fhir/tools/StructureDefinition/ig-parameter"},{"extension":[{"url":"code","valueCode":"path-history"},{"url":"value","valueString":"https://prefeitura-rio.github.io/sms-rjcore-fhir/history.html"}],"url":"http://hl7.org/fhir/tools/StructureDefinition/ig-parameter"},{"extension":[{"url":"code","valueCode":"template-html"},{"url":"value","valueString":"template-page.html"}],"url":"http://hl7.org/fhir/tools/StructureDefinition/ig-parameter"},{"extension":[{"url":"code","valueCode":"template-md"},{"url":"value","valueString":"template-page-md.html"}],"url":"http://hl7.org/fhir/tools/StructureDefinition/ig-parameter"},{"extension":[{"url":"code","valueCode":"apply-contact"},{"url":"value","valueString":"true"}],"url":"http://hl7.org/fhir/tools/StructureDefinition/ig-parameter"},{"extension":[{"url":"code","valueCode":"apply-context"},{"url":"value","valueString":"true"}],"url":"http://hl7.org/fhir/tools/StructureDefinition/ig-parameter"},{"extension":[{"url":"code","valueCode":"apply-copyright"},{"url":"value","valueString":"true"}],"url":"http://hl7.org/fhir/tools/StructureDefinition/ig-parameter"},{"extension":[{"url":"code","valueCode":"apply-jurisdiction"},{"url":"value","valueString":"true"}],"url":"http://hl7.org/fhir/tools/StructureDefinition/ig-parameter"},{"extension":[{"url":"code","valueCode":"apply-license"},{"url":"value","valueString":"true"}],"url":"http://hl7.org/fhir/tools/StructureDefinition/ig-parameter"},{"extension":[{"url":"code","valueCode":"apply-publisher"},{"url":"value","valueString":"true"}],"url":"http://hl7.org/fhir/tools/StructureDefinition/ig-parameter"},{"extension":[{"url":"code","valueCode":"apply-version"},{"url":"value","valueString":"true"}],"url":"http://hl7.org/fhir/tools/StructureDefinition/ig-parameter"},{"extension":[{"url":"code","valueCode":"active-tables"},{"url":"value","valueString":"true"}],"url":"http://hl7.org/fhir/tools/StructureDefinition/ig-parameter"},{"extension":[{"url":"code","valueCode":"fmm-definition"},{"url":"value","valueString":"http://hl7.org/fhir/versions.html#maturity"}],"url":"http://hl7.org/fhir/tools/StructureDefinition/ig-parameter"},{"extension":[{"url":"code","valueCode":"propagate-status"},{"url":"value","valueString":"true"}],"url":"http://hl7.org/fhir/tools/StructureDefinition/ig-parameter"},{"extension":[{"url":"code","valueCode":"excludelogbinaryformat"},{"url":"value","valueString":"true"}],"url":"http://hl7.org/fhir/tools/StructureDefinition/ig-parameter"},{"extension":[{"url":"code","valueCode":"tabbed-snapshots"},{"url":"value","valueString":"true"}],"url":"http://hl7.org/fhir/tools/StructureDefinition/ig-parameter"}],"grouping":[{"id":"-str-profile","name":"Estruturas: Perfis de Recursos","description":"Estes definem restrições em recursos FHIR para sistemas em conformidade com este guia de implementação."},{"id":"-str-datatype","name":"Estruturas: Perfis de Tipos de Dados","description":"Estes definem restrições em tipos de dados FHIR para sistemas em conformidade com este guia de implementação."},{"id":"-str-extension","name":"Estruturas: Definições de Extensão","description":"Estes definem restrições em tipos de dados FHIR para sistemas em conformidade com este guia de implementação."},{"id":"-term-valueset","name":"Terminologia: Conjuntos de Valores","description":"Estes definem conjuntos de códigos usados por sistemas em conformidade com este guia de implementação."},{"id":"-term-codesystem","name":"Terminologia: Sistemas de Código","description":"Estes definem novos sistemas de código usados por sistemas em conformidade com este guia de implementação."}],"resource":[{"extension":[{"url":"http://hl7.org/fhir/StructureDefinition/implementationguide-page","valueUri":"StructureDefinition-BRNaturalizacao-1.0.html"}],"reference":{"reference":"StructureDefinition/BRNaturalizacao-1.0"},"name":"Dados de Naturalização","description":"Extensão para as informações de naturalização de um indivíduo.","exampleBoolean":false,"groupingId":"-str-extension"},{"extension":[{"url":"http://hl7.org/fhir/StructureDefinition/implementationguide-page","valueUri":"StructureDefinition-BRDocumentoIndividuo-1.0.html"}],"reference":{"reference":"StructureDefinition/BRDocumentoIndividuo-1.0"},"name":"Documento do Indivíduo","description":"Padronização de identificação de indivíduo no Brasil.","exampleBoolean":false,"groupingId":"-str-datatype"},{"extension":[{"url":"http://hl7.org/fhir/StructureDefinition/implementationguide-page","valueUri":"StructureDefinition-BREndereco-1.0.html"}],"reference":{"reference":"StructureDefinition/BREndereco-1.0"},"name":"Endereço","description":"Padronização de endereços no Brasil.","exampleBoolean":false,"groupingId":"-str-datatype"},{"extension":[{"url":"http://hl7.org/fhir/StructureDefinition/implementationguide-page","valueUri":"ValueSet-BREstadoDocumento-1.0.html"}],"reference":{"reference":"ValueSet/BREstadoDocumento-1.0"},"name":"Estados de um documento","description":"Classifica o estado de um documento.","exampleBoolean":false,"groupingId":"-term-valueset"},{"extension":[{"url":"http://hl7.org/fhir/StructureDefinition/implementationguide-page","valueUri":"ValueSet-BREtniaIndigena-1.0.html"}],"reference":{"reference":"ValueSet/BREtniaIndigena-1.0"},"name":"Etnia Indígena","description":"Códigos para representação de etnias indígenas no Brasil.","exampleBoolean":false,"groupingId":"-term-valueset"},{"extension":[{"url":"http://hl7.org/fhir/StructureDefinition/implementationguide-page","valueUri":"CodeSystem-BREtniaIndigena.html"}],"reference":{"reference":"CodeSystem/BREtniaIndigena"},"name":"Etnia Indígena","description":"Códigos para representação de etnias indígenas no Brasil.","exampleBoolean":false,"groupingId":"-term-codesystem"},{"extension":[{"url":"http://hl7.org/fhir/StructureDefinition/implementationguide-page","valueUri":"StructureDefinition-BRIdentidadeGenero-1.0.html"}],"reference":{"reference":"StructureDefinition/BRIdentidadeGenero-1.0"},"name":"Identidade de gênero","description":"Extensão para identificar a identidade de gênero do paciente","exampleBoolean":false,"groupingId":"-str-extension"},{"extension":[{"url":"http://hl7.org/fhir/StructureDefinition/implementationguide-page","valueUri":"CodeSystem-BRIdentidadeGenero.html"}],"reference":{"reference":"CodeSystem/BRIdentidadeGenero"},"name":"Identidade de Gênero","description":"Identidade de gênero é a experiência pessoal do gênero de cada pessoa. Ela pode ou não corresponder ao sexo atribuído no nascimento, incluindo a vivência do gênero e outras características de gênero, como a expressão de gênero. A identidade de gênero é uma experiência interna e individual e não pode ser atribuída a alguém por outra pessoa. A identidade de gênero pode ser a mesma ou diferente do sexo atribuído no nascimento.","exampleBoolean":false,"groupingId":"-term-codesystem"},{"extension":[{"url":"http://hl7.org/fhir/StructureDefinition/implementationguide-page","valueUri":"ValueSet-BRIdentidadeGenero-1.0.html"}],"reference":{"reference":"ValueSet/BRIdentidadeGenero-1.0"},"name":"IdentidadeGenero","description":"Identidade de gênero","exampleBoolean":false,"groupingId":"-term-valueset"},{"extension":[{"url":"http://hl7.org/fhir/StructureDefinition/implementationguide-page","valueUri":"StructureDefinition-BRIndividuo-1.0.html"}],"reference":{"reference":"StructureDefinition/BRIndividuo-1.0"},"name":"Indivíduo","description":"Indíviduo, sujeito da assistência à saúde.","exampleBoolean":false,"groupingId":"-str-profile"},{"extension":[{"url":"http://hl7.org/fhir/StructureDefinition/implementationguide-page","valueUri":"StructureDefinition-BRIndividuoProtegido-1.0.html"}],"reference":{"reference":"StructureDefinition/BRIndividuoProtegido-1.0"},"name":"Indivíduo Protegido?","description":"Extensão utilizada para identificar indivíduos que possuem  maior restrição à disponibilização de seus dados, por possuirem grande exposição pública (ex.: político, esportista, artista famoso etc.), estarem em programa de proteção à testemunha, o objeto de seu trabalho colocá-los em risco (investigadores da inteligência, p.ex.), dentre outros.","exampleBoolean":false,"groupingId":"-str-extension"},{"extension":[{"url":"http://hl7.org/fhir/StructureDefinition/implementationguide-page","valueUri":"StructureDefinition-BRJurisdicaoOrgaoEmissor-1.0.html"}],"reference":{"reference":"StructureDefinition/BRJurisdicaoOrgaoEmissor-1.0"},"name":"Jurisdição do Órgão Expedidor","description":"Jurisdição de Órgãos Expedidores","exampleBoolean":false,"groupingId":"-str-extension"},{"extension":[{"url":"http://hl7.org/fhir/StructureDefinition/implementationguide-page","valueUri":"StructureDefinition-BRMeioContato-1.0.html"}],"reference":{"reference":"StructureDefinition/BRMeioContato-1.0"},"name":"Meio de Contato","description":"Padronização de meios de contato no Brasil.","exampleBoolean":false,"groupingId":"-str-datatype"},{"extension":[{"url":"http://hl7.org/fhir/StructureDefinition/implementationguide-page","valueUri":"StructureDefinition-BRMunicipio-1.0.html"}],"reference":{"reference":"StructureDefinition/BRMunicipio-1.0"},"name":"Município","description":"Extensão para informar um município.","exampleBoolean":false,"groupingId":"-str-extension"},{"extension":[{"url":"http://hl7.org/fhir/StructureDefinition/implementationguide-page","valueUri":"ValueSet-BRMunicipio-1.0.html"}],"reference":{"reference":"ValueSet/BRMunicipio-1.0"},"name":"Município","description":"Municípios brasileiros, entes subnacionais.","exampleBoolean":false,"groupingId":"-term-valueset"},{"extension":[{"url":"http://hl7.org/fhir/StructureDefinition/implementationguide-page","valueUri":"StructureDefinition-BRNacionalidade.html"}],"reference":{"reference":"StructureDefinition/BRNacionalidade"},"name":"Nacionalidade","description":"Extensão para representar uma nacionalidade.","exampleBoolean":false,"groupingId":"-str-extension"},{"extension":[{"url":"http://hl7.org/fhir/StructureDefinition/implementationguide-page","valueUri":"ValueSet-BRNacionalidade.html"}],"reference":{"reference":"ValueSet/BRNacionalidade"},"name":"Nacionalidade","description":"Códigos para representação de nacionalidade.","exampleBoolean":false,"groupingId":"-term-valueset"},{"extension":[{"url":"http://hl7.org/fhir/StructureDefinition/implementationguide-page","valueUri":"CodeSystem-BRNacionalidade.html"}],"reference":{"reference":"CodeSystem/BRNacionalidade"},"name":"Nacionalidade","description":"Define a nacionalidade de um dado indivíduo.","exampleBoolean":false,"groupingId":"-term-codesystem"},{"extension":[{"url":"http://hl7.org/fhir/StructureDefinition/implementationguide-page","valueUri":"ValueSet-BRNaturezaJuridica-1.0.html"}],"reference":{"reference":"ValueSet/BRNaturezaJuridica-1.0"},"name":"Natureza Jurídica","description":"Identifica a constituição jurídico-institucional das entidades públicas e privadas nos cadastros da administração pública do Brasil.","exampleBoolean":false,"groupingId":"-term-valueset"},{"extension":[{"url":"http://hl7.org/fhir/StructureDefinition/implementationguide-page","valueUri":"CodeSystem-BRNaturezaJuridica.html"}],"reference":{"reference":"CodeSystem/BRNaturezaJuridica"},"name":"Natureza Jurídica","description":"Identifica a constituição jurídico-institucional das entidades públicas e privadas nos cadastros da administração pública do Brasil.","exampleBoolean":false,"groupingId":"-term-codesystem"},{"extension":[{"url":"http://hl7.org/fhir/StructureDefinition/implementationguide-page","valueUri":"StructureDefinition-BRNomeIndividuo-1.0.html"}],"reference":{"reference":"StructureDefinition/BRNomeIndividuo-1.0"},"name":"Nome de Indivíduos","description":"Padronização de uso de nomes de indivíduo no Brasil.","exampleBoolean":false,"groupingId":"-str-datatype"},{"extension":[{"url":"http://hl7.org/fhir/StructureDefinition/implementationguide-page","valueUri":"StructureDefinition-BRParentesIndividuo-1.0.html"}],"reference":{"reference":"StructureDefinition/BRParentesIndividuo-1.0"},"name":"Parentes do Indivíduo","description":"Resource para representar parentescos de indivíduo.","exampleBoolean":false,"groupingId":"-str-extension"},{"extension":[{"url":"http://hl7.org/fhir/StructureDefinition/implementationguide-page","valueUri":"ValueSet-BRParentesco-1.0.html"}],"reference":{"reference":"ValueSet/BRParentesco-1.0"},"name":"Parentesco","description":"Classificação da relação familiar entre indivíduos.","exampleBoolean":false,"groupingId":"-term-valueset"},{"extension":[{"url":"http://hl7.org/fhir/StructureDefinition/implementationguide-page","valueUri":"CodeSystem-BRParentesco.html"}],"reference":{"reference":"CodeSystem/BRParentesco"},"name":"Parentesco","description":"Classificação da relação familiar entre indivíduos.","exampleBoolean":false,"groupingId":"-term-codesystem"},{"extension":[{"url":"http://hl7.org/fhir/StructureDefinition/implementationguide-page","valueUri":"StructureDefinition-BRPais-1.0.html"}],"reference":{"reference":"StructureDefinition/BRPais-1.0"},"name":"País","description":"Extensão para representar um país.","exampleBoolean":false,"groupingId":"-str-extension"},{"extension":[{"url":"http://hl7.org/fhir/StructureDefinition/implementationguide-page","valueUri":"ValueSet-BRPais-1.0.html"}],"reference":{"reference":"ValueSet/BRPais-1.0"},"name":"País","description":"Códigos para representação de países.","exampleBoolean":false,"groupingId":"-term-valueset"},{"extension":[{"url":"http://hl7.org/fhir/StructureDefinition/implementationguide-page","valueUri":"CodeSystem-BRPais.html"}],"reference":{"reference":"CodeSystem/BRPais"},"name":"País","description":"Códigos para representação de países.","exampleBoolean":false,"groupingId":"-term-codesystem"},{"extension":[{"url":"http://hl7.org/fhir/StructureDefinition/implementationguide-page","valueUri":"StructureDefinition-BRQualidadeCadastroIndividuo-1.0.html"}],"reference":{"reference":"StructureDefinition/BRQualidadeCadastroIndividuo-1.0"},"name":"Qualidade do Cadastro do Indivíduo","description":"Grau de qualidade de um registro de um indivíduo, vai de 0 até 100.","exampleBoolean":false,"groupingId":"-str-extension"},{"extension":[{"url":"http://hl7.org/fhir/StructureDefinition/implementationguide-page","valueUri":"ValueSet-BRRacaCor-1.0.html"}],"reference":{"reference":"ValueSet/BRRacaCor-1.0"},"name":"Raça/Cor","description":"Códigos para representação de raça/cor no Brasil.","exampleBoolean":false,"groupingId":"-term-valueset"},{"extension":[{"url":"http://hl7.org/fhir/StructureDefinition/implementationguide-page","valueUri":"CodeSystem-BRRacaCor.html"}],"reference":{"reference":"CodeSystem/BRRacaCor"},"name":"Raça/Cor","description":"Códigos para representação de raça/cor.","exampleBoolean":false,"groupingId":"-term-codesystem"},{"extension":[{"url":"http://hl7.org/fhir/StructureDefinition/implementationguide-page","valueUri":"StructureDefinition-BRRacaCorEtnia-1.0.html"}],"reference":{"reference":"StructureDefinition/BRRacaCorEtnia-1.0"},"name":"Raça/Cor e Etnina","description":"Extensão para para representar dados relacionados à raça/cor e etnia de um indivíduo.","exampleBoolean":false,"groupingId":"-str-extension"},{"extension":[{"url":"http://hl7.org/fhir/StructureDefinition/implementationguide-page","valueUri":"StructureDefinition-BRSexo-1.0.html"}],"reference":{"reference":"StructureDefinition/BRSexo-1.0"},"name":"Sexo","description":"Extensão para identificar a sexo atual do paciente","exampleBoolean":false,"groupingId":"-str-extension"},{"extension":[{"url":"http://hl7.org/fhir/StructureDefinition/implementationguide-page","valueUri":"ValueSet-BRSexo-1.0.html"}],"reference":{"reference":"ValueSet/BRSexo-1.0"},"name":"Sexo","description":"Sexo do paciente","exampleBoolean":false,"groupingId":"-term-valueset"},{"extension":[{"url":"http://hl7.org/fhir/StructureDefinition/implementationguide-page","valueUri":"CodeSystem-BRSexo.html"}],"reference":{"reference":"CodeSystem/BRSexo"},"name":"Sexo","description":"Sexo","exampleBoolean":false,"groupingId":"-term-codesystem"},{"extension":[{"url":"http://hl7.org/fhir/StructureDefinition/implementationguide-page","valueUri":"StructureDefinition-BRSexoNascimento-1.0.html"}],"reference":{"reference":"StructureDefinition/BRSexoNascimento-1.0"},"name":"Sexo Nascimento","description":"Extensão para identificar a sexo nascimento do paciente","exampleBoolean":false,"groupingId":"-str-extension"},{"extension":[{"url":"http://hl7.org/fhir/StructureDefinition/implementationguide-page","valueUri":"ValueSet-BRTipoDocumento-1.0.html"}],"reference":{"reference":"ValueSet/BRTipoDocumento-1.0"},"name":"Tipo de Documento","description":"Classifica o tipo de documento que está sendo trafegado.","exampleBoolean":false,"groupingId":"-term-valueset"},{"extension":[{"url":"http://hl7.org/fhir/StructureDefinition/implementationguide-page","valueUri":"CodeSystem-BRTipoDocumento.html"}],"reference":{"reference":"CodeSystem/BRTipoDocumento"},"name":"Tipo de Documento","description":"Classificação dos tipos de documentos compartilhados no Brasil.","exampleBoolean":false,"groupingId":"-term-codesystem"},{"extension":[{"url":"http://hl7.org/fhir/StructureDefinition/implementationguide-page","valueUri":"ValueSet-BRTipoDocumentoIndividuo-1.0.html"}],"reference":{"reference":"ValueSet/BRTipoDocumentoIndividuo-1.0"},"name":"Tipo de Documento do Indivíduo","description":"Classifica o tipo de documento que está sendo utilizado para identificar o indivíduo.","exampleBoolean":false,"groupingId":"-term-valueset"},{"extension":[{"url":"http://hl7.org/fhir/StructureDefinition/implementationguide-page","valueUri":"CodeSystem-BRTipoIdentificador.html"}],"reference":{"reference":"CodeSystem/BRTipoIdentificador"},"name":"Tipo de Identificador","description":"Classifica o tipo de indicador que está sendo utilizado.","exampleBoolean":false,"groupingId":"-term-codesystem"},{"extension":[{"url":"http://hl7.org/fhir/StructureDefinition/implementationguide-page","valueUri":"ValueSet-BRTipoLogradouro-1.0.html"}],"reference":{"reference":"ValueSet/BRTipoLogradouro-1.0"},"name":"Tipo de Logradouro","description":"Classifica o tipo de logradouro.","exampleBoolean":false,"groupingId":"-term-valueset"},{"extension":[{"url":"http://hl7.org/fhir/StructureDefinition/implementationguide-page","valueUri":"CodeSystem-BRTipoLogradouro.html"}],"reference":{"reference":"CodeSystem/BRTipoLogradouro"},"name":"Tipo de Logradouro","description":"Classificação os tipos de logradouros existentes para uso em endereços estruturados.","exampleBoolean":false,"groupingId":"-term-codesystem"},{"extension":[{"url":"http://hl7.org/fhir/StructureDefinition/implementationguide-page","valueUri":"ValueSet-BRUnidadeFederativa-1.0.html"}],"reference":{"reference":"ValueSet/BRUnidadeFederativa-1.0"},"name":"Unidade Federativa","description":"Os estados e o Distrito Federal, entes subnacionais brasileiros.","exampleBoolean":false,"groupingId":"-term-valueset"},{"extension":[{"url":"http://hl7.org/fhir/StructureDefinition/implementationguide-page","valueUri":"ValueSet-BROrgaoExpedidor-1.0.html"}],"reference":{"reference":"ValueSet/BROrgaoExpedidor-1.0"},"name":"Órgão Expedidor","description":"Lista de órgãos responsáveis por expedir documentos no Brasil.","exampleBoolean":false,"groupingId":"-term-valueset"},{"extension":[{"url":"http://hl7.org/fhir/StructureDefinition/implementationguide-page","valueUri":"CodeSystem-BROrgaoExpedidor.html"}],"reference":{"reference":"CodeSystem/BROrgaoExpedidor"},"name":"Órgão Expedidor","description":"Órgãos responsáveis por expedir documentos no Brasil.","exampleBoolean":false,"groupingId":"-term-codesystem"}],"page":{"extension":[{"url":"http://hl7.org/fhir/tools/StructureDefinition/ig-page-name","valueUrl":"toc.html"}],"nameUrl":"toc.html","title":"Table of Contents","generation":"html","page":[{"extension":[{"url":"http://hl7.org/fhir/tools/StructureDefinition/ig-page-name","valueUrl":"index.html"}],"nameUrl":"index.html","title":"Home","generation":"markdown"},{"extension":[{"url":"http://hl7.org/fhir/tools/StructureDefinition/ig-page-name","valueUrl":"ImplementationGuide-org.rj-sms.br.core.html"}],"nameUrl":"ImplementationGuide-org.rj-sms.br.core.html","title":"Implementation Guide Org Rj Sms Br Core","generation":"markdown"},{"extension":[{"url":"http://hl7.org/fhir/tools/StructureDefinition/ig-page-name","valueUrl":"artifacts.html"}],"nameUrl":"artifacts.html","title":"Resumo de Artefatos","generation":"html","page":[{"extension":[{"url":"http://hl7.org/fhir/tools/StructureDefinition/ig-page-name","valueUrl":"StructureDefinition-BRIndividuo-1.0.html"}],"nameUrl":"StructureDefinition-BRIndividuo-1.0.html","title":"Indivíduo","generation":"generated"},{"extension":[{"url":"http://hl7.org/fhir/tools/StructureDefinition/ig-page-name","valueUrl":"StructureDefinition-BRDocumentoIndividuo-1.0.html"}],"nameUrl":"StructureDefinition-BRDocumentoIndividuo-1.0.html","title":"Documento do Indivíduo","generation":"generated"},{"extension":[{"url":"http://hl7.org/fhir/tools/StructureDefinition/ig-page-name","valueUrl":"StructureDefinition-BREndereco-1.0.html"}],"nameUrl":"StructureDefinition-BREndereco-1.0.html","title":"Endereço","generation":"generated"},{"extension":[{"url":"http://hl7.org/fhir/tools/StructureDefinition/ig-page-name","valueUrl":"StructureDefinition-BRMeioContato-1.0.html"}],"nameUrl":"StructureDefinition-BRMeioContato-1.0.html","title":"Meio de Contato","generation":"generated"},{"extension":[{"url":"http://hl7.org/fhir/tools/StructureDefinition/ig-page-name","valueUrl":"StructureDefinition-BRNomeIndividuo-1.0.html"}],"nameUrl":"StructureDefinition-BRNomeIndividuo-1.0.html","title":"Nome de Indivíduos","generation":"generated"},{"extension":[{"url":"http://hl7.org/fhir/tools/StructureDefinition/ig-page-name","valueUrl":"StructureDefinition-BRNaturalizacao-1.0.html"}],"nameUrl":"StructureDefinition-BRNaturalizacao-1.0.html","title":"Dados de Naturalização","generation":"generated"},{"extension":[{"url":"http://hl7.org/fhir/tools/StructureDefinition/ig-page-name","valueUrl":"StructureDefinition-BRIdentidadeGenero-1.0.html"}],"nameUrl":"StructureDefinition-BRIdentidadeGenero-1.0.html","title":"Identidade de gênero","generation":"generated"},{"extension":[{"url":"http://hl7.org/fhir/tools/StructureDefinition/ig-page-name","valueUrl":"StructureDefinition-BRIndividuoProtegido-1.0.html"}],"nameUrl":"StructureDefinition-BRIndividuoProtegido-1.0.html","title":"Indivíduo Protegido?","generation":"generated"},{"extension":[{"url":"http://hl7.org/fhir/tools/StructureDefinition/ig-page-name","valueUrl":"StructureDefinition-BRJurisdicaoOrgaoEmissor-1.0.html"}],"nameUrl":"StructureDefinition-BRJurisdicaoOrgaoEmissor-1.0.html","title":"Jurisdição do Órgão Expedidor","generation":"generated"},{"extension":[{"url":"http://hl7.org/fhir/tools/StructureDefinition/ig-page-name","valueUrl":"StructureDefinition-BRMunicipio-1.0.html"}],"nameUrl":"StructureDefinition-BRMunicipio-1.0.html","title":"Município","generation":"generated"},{"extension":[{"url":"http://hl7.org/fhir/tools/StructureDefinition/ig-page-name","valueUrl":"StructureDefinition-BRNacionalidade.html"}],"nameUrl":"StructureDefinition-BRNacionalidade.html","title":"Nacionalidade","generation":"generated"},{"extension":[{"url":"http://hl7.org/fhir/tools/StructureDefinition/ig-page-name","valueUrl":"StructureDefinition-BRParentesIndividuo-1.0.html"}],"nameUrl":"StructureDefinition-BRParentesIndividuo-1.0.html","title":"Parentes do Indivíduo","generation":"generated"},{"extension":[{"url":"http://hl7.org/fhir/tools/StructureDefinition/ig-page-name","valueUrl":"StructureDefinition-BRPais-1.0.html"}],"nameUrl":"StructureDefinition-BRPais-1.0.html","title":"País","generation":"generated"},{"extension":[{"url":"http://hl7.org/fhir/tools/StructureDefinition/ig-page-name","valueUrl":"StructureDefinition-BRQualidadeCadastroIndividuo-1.0.html"}],"nameUrl":"StructureDefinition-BRQualidadeCadastroIndividuo-1.0.html","title":"Qualidade do Cadastro do Indivíduo","generation":"generated"},{"extension":[{"url":"http://hl7.org/fhir/tools/StructureDefinition/ig-page-name","valueUrl":"StructureDefinition-BRRacaCorEtnia-1.0.html"}],"nameUrl":"StructureDefinition-BRRacaCorEtnia-1.0.html","title":"Raça/Cor e Etnina","generation":"generated"},{"extension":[{"url":"http://hl7.org/fhir/tools/StructureDefinition/ig-page-name","valueUrl":"StructureDefinition-BRSexo-1.0.html"}],"nameUrl":"StructureDefinition-BRSexo-1.0.html","title":"Sexo","generation":"generated"},{"extension":[{"url":"http://hl7.org/fhir/tools/StructureDefinition/ig-page-name","valueUrl":"StructureDefinition-BRSexoNascimento-1.0.html"}],"nameUrl":"StructureDefinition-BRSexoNascimento-1.0.html","title":"Sexo Nascimento","generation":"generated"},{"extension":[{"url":"http://hl7.org/fhir/tools/StructureDefinition/ig-page-name","valueUrl":"ValueSet-BREstadoDocumento-1.0.html"}],"nameUrl":"ValueSet-BREstadoDocumento-1.0.html","title":"Estados de um documento","generation":"generated"},{"extension":[{"url":"http://hl7.org/fhir/tools/StructureDefinition/ig-page-name","valueUrl":"ValueSet-BREtniaIndigena-1.0.html"}],"nameUrl":"ValueSet-BREtniaIndigena-1.0.html","title":"Etnia Indígena","generation":"generated"},{"extension":[{"url":"http://hl7.org/fhir/tools/StructureDefinition/ig-page-name","valueUrl":"ValueSet-BRIdentidadeGenero-1.0.html"}],"nameUrl":"ValueSet-BRIdentidadeGenero-1.0.html","title":"IdentidadeGenero","generation":"generated"},{"extension":[{"url":"http://hl7.org/fhir/tools/StructureDefinition/ig-page-name","valueUrl":"ValueSet-BRMunicipio-1.0.html"}],"nameUrl":"ValueSet-BRMunicipio-1.0.html","title":"Município","generation":"generated"},{"extension":[{"url":"http://hl7.org/fhir/tools/StructureDefinition/ig-page-name","valueUrl":"ValueSet-BRNacionalidade.html"}],"nameUrl":"ValueSet-BRNacionalidade.html","title":"Nacionalidade","generation":"generated"},{"extension":[{"url":"http://hl7.org/fhir/tools/StructureDefinition/ig-page-name","valueUrl":"ValueSet-BRNaturezaJuridica-1.0.html"}],"nameUrl":"ValueSet-BRNaturezaJuridica-1.0.html","title":"Natureza Jurídica","generation":"generated"},{"extension":[{"url":"http://hl7.org/fhir/tools/StructureDefinition/ig-page-name","valueUrl":"ValueSet-BRParentesco-1.0.html"}],"nameUrl":"ValueSet-BRParentesco-1.0.html","title":"Parentesco","generation":"generated"},{"extension":[{"url":"http://hl7.org/fhir/tools/StructureDefinition/ig-page-name","valueUrl":"ValueSet-BRPais-1.0.html"}],"nameUrl":"ValueSet-BRPais-1.0.html","title":"País","generation":"generated"},{"extension":[{"url":"http://hl7.org/fhir/tools/StructureDefinition/ig-page-name","valueUrl":"ValueSet-BRRacaCor-1.0.html"}],"nameUrl":"ValueSet-BRRacaCor-1.0.html","title":"Raça/Cor","generation":"generated"},{"extension":[{"url":"http://hl7.org/fhir/tools/StructureDefinition/ig-page-name","valueUrl":"ValueSet-BRSexo-1.0.html"}],"nameUrl":"ValueSet-BRSexo-1.0.html","title":"Sexo","generation":"generated"},{"extension":[{"url":"http://hl7.org/fhir/tools/StructureDefinition/ig-page-name","valueUrl":"ValueSet-BRTipoDocumento-1.0.html"}],"nameUrl":"ValueSet-BRTipoDocumento-1.0.html","title":"Tipo de Documento","generation":"generated"},{"extension":[{"url":"http://hl7.org/fhir/tools/StructureDefinition/ig-page-name","valueUrl":"ValueSet-BRTipoDocumentoIndividuo-1.0.html"}],"nameUrl":"ValueSet-BRTipoDocumentoIndividuo-1.0.html","title":"Tipo de Documento do Indivíduo","generation":"generated"},{"extension":[{"url":"http://hl7.org/fhir/tools/StructureDefinition/ig-page-name","valueUrl":"ValueSet-BRTipoLogradouro-1.0.html"}],"nameUrl":"ValueSet-BRTipoLogradouro-1.0.html","title":"Tipo de Logradouro","generation":"generated"},{"extension":[{"url":"http://hl7.org/fhir/tools/StructureDefinition/ig-page-name","valueUrl":"ValueSet-BRUnidadeFederativa-1.0.html"}],"nameUrl":"ValueSet-BRUnidadeFederativa-1.0.html","title":"Unidade Federativa","generation":"generated"},{"extension":[{"url":"http://hl7.org/fhir/tools/StructureDefinition/ig-page-name","valueUrl":"ValueSet-BROrgaoExpedidor-1.0.html"}],"nameUrl":"ValueSet-BROrgaoExpedidor-1.0.html","title":"Órgão Expedidor","generation":"generated"},{"extension":[{"url":"http://hl7.org/fhir/tools/StructureDefinition/ig-page-name","valueUrl":"CodeSystem-BREtniaIndigena.html"}],"nameUrl":"CodeSystem-BREtniaIndigena.html","title":"Etnia Indígena","generation":"generated"},{"extension":[{"url":"http://hl7.org/fhir/tools/StructureDefinition/ig-page-name","valueUrl":"CodeSystem-BRIdentidadeGenero.html"}],"nameUrl":"CodeSystem-BRIdentidadeGenero.html","title":"Identidade de Gênero","generation":"generated"},{"extension":[{"url":"http://hl7.org/fhir/tools/StructureDefinition/ig-page-name","valueUrl":"CodeSystem-BRNacionalidade.html"}],"nameUrl":"CodeSystem-BRNacionalidade.html","title":"Nacionalidade","generation":"generated"},{"extension":[{"url":"http://hl7.org/fhir/tools/StructureDefinition/ig-page-name","valueUrl":"CodeSystem-BRNaturezaJuridica.html"}],"nameUrl":"CodeSystem-BRNaturezaJuridica.html","title":"Natureza Jurídica","generation":"generated"},{"extension":[{"url":"http://hl7.org/fhir/tools/StructureDefinition/ig-page-name","valueUrl":"CodeSystem-BRParentesco.html"}],"nameUrl":"CodeSystem-BRParentesco.html","title":"Parentesco","generation":"generated"},{"extension":[{"url":"http://hl7.org/fhir/tools/StructureDefinition/ig-page-name","valueUrl":"CodeSystem-BRPais.html"}],"nameUrl":"CodeSystem-BRPais.html","title":"País","generation":"generated"},{"extension":[{"url":"http://hl7.org/fhir/tools/StructureDefinition/ig-page-name","valueUrl":"CodeSystem-BRRacaCor.html"}],"nameUrl":"CodeSystem-BRRacaCor.html","title":"Raça/Cor","generation":"generated"},{"extension":[{"url":"http://hl7.org/fhir/tools/StructureDefinition/ig-page-name","valueUrl":"CodeSystem-BRSexo.html"}],"nameUrl":"CodeSystem-BRSexo.html","title":"Sexo","generation":"generated"},{"extension":[{"url":"http://hl7.org/fhir/tools/StructureDefinition/ig-page-name","valueUrl":"CodeSystem-BRTipoDocumento.html"}],"nameUrl":"CodeSystem-BRTipoDocumento.html","title":"Tipo de Documento","generation":"generated"},{"extension":[{"url":"http://hl7.org/fhir/tools/StructureDefinition/ig-page-name","valueUrl":"CodeSystem-BRTipoIdentificador.html"}],"nameUrl":"CodeSystem-BRTipoIdentificador.html","title":"Tipo de Identificador","generation":"generated"},{"extension":[{"url":"http://hl7.org/fhir/tools/StructureDefinition/ig-page-name","valueUrl":"CodeSystem-BRTipoLogradouro.html"}],"nameUrl":"CodeSystem-BRTipoLogradouro.html","title":"Tipo de Logradouro","generation":"generated"},{"extension":[{"url":"http://hl7.org/fhir/tools/StructureDefinition/ig-page-name","valueUrl":"CodeSystem-BROrgaoExpedidor.html"}],"nameUrl":"CodeSystem-BROrgaoExpedidor.html","title":"Órgão Expedidor","generation":"generated"}]}]},"parameter":[{"code":"path-resource","value":"input/capabilities"},{"code":"path-resource","value":"input/examples"},{"code":"path-resource","value":"input/extensions"},{"code":"path-resource","value":"input/models"},{"code":"path-resource","value":"input/operations"},{"code":"path-resource","value":"input/profiles"},{"code":"path-resource","value":"input/resources"},{"code":"path-resource","value":"input/vocabulary"},{"code":"path-resource","value":"input/maps"},{"code":"path-resource","value":"input/testing"},{"code":"path-resource","value":"input/history"},{"code":"path-resource","value":"fsh-generated/resources"},{"code":"path-pages","value":"template/config"},{"code":"path-pages","value":"input/images"},{"code":"path-tx-cache","value":"input-cache/txcache"}]}}