<?xml version="1.0" encoding="UTF-8"?><CodeSystem xmlns="http://hl7.org/fhir"><id value="BRIdentidadeGenero"/><text><status value="generated"/><div xmlns="http://www.w3.org/1999/xhtml"><p>This code system <code>https://prefeitura-rio.github.io/sms-rjcore-fhir/CodeSystem/BRIdentidadeGenero</code> defines the following codes:</p><table class="codes"><tr><td style="white-space:nowrap"><b>Code</b></td><td><b>Display</b></td><td><b>Definition</b></td></tr><tr><td style="white-space:nowrap">CIS<a name="BRIdentidadeGenero-CIS"> </a></td><td>Cisgênero</td><td>Identidade de gênero é a mesma do sexo atribuído no nascimento.</td></tr><tr><td style="white-space:nowrap">TRANS<a name="BRIdentidadeGenero-TRANS"> </a></td><td>Transgênero</td><td>Identidade de gênero é diferente do sexo atribuído no nascimento.</td></tr><tr><td style="white-space:nowrap">NON<a name="BRIdentidadeGenero-NON"> </a></td><td>Não-binário</td><td>Identidade de gênero não é exclusivamente masculina ou feminina.</td></tr><tr><td style="white-space:nowrap">OUT<a name="BRIdentidadeGenero-OUT"> </a></td><td>Outro</td><td>Outro tipo de identidade de gênero.</td></tr></table></div></text><url value="https://prefeitura-rio.github.io/sms-rjcore-fhir/CodeSystem/BRIdentidadeGenero"/><version value="0.1.0"/><name value="IdentidadeGenero"/><title value="Identidade de Gênero"/><status value="draft"/><date value="2023-07-15T19:34:18+00:00"/><publisher value="Secretaria Municipal de Saúde da Prefeitura do Rio de Janeiro"/><contact><name value="Secretaria Municipal de Saúde da Prefeitura do Rio de Janeiro"/><telecom><system value="url"/><value value="https://prefeitura.rio/"/></telecom></contact><description value="Identidade de gênero é a experiência pessoal do gênero de cada pessoa. Ela pode ou não corresponder ao sexo atribuído no nascimento, incluindo a vivência do gênero e outras características de gênero, como a expressão de gênero. A identidade de gênero é uma experiência interna e individual e não pode ser atribuída a alguém por outra pessoa. A identidade de gênero pode ser a mesma ou diferente do sexo atribuído no nascimento."/><jurisdiction><coding><system value="urn:iso:std:iso:3166"/><code value="BR"/><display value="Brazil"/></coding></jurisdiction><content value="complete"/><count value="4"/><concept><code value="CIS"/><display value="Cisgênero"/><definition value="Identidade de gênero é a mesma do sexo atribuído no nascimento."/></concept><concept><code value="TRANS"/><display value="Transgênero"/><definition value="Identidade de gênero é diferente do sexo atribuído no nascimento."/></concept><concept><code value="NON"/><display value="Não-binário"/><definition value="Identidade de gênero não é exclusivamente masculina ou feminina."/></concept><concept><code value="OUT"/><display value="Outro"/><definition value="Outro tipo de identidade de gênero."/></concept></CodeSystem>