<?xml version="1.0" encoding="UTF-8"?><ImplementationGuide xmlns="http://hl7.org/fhir"><id value="org.rj-sms.br.core"/><text><status value="extensions"/><div xmlns="http://www.w3.org/1999/xhtml"><h2>RJCore</h2><p>The official URL for this implementation guide is: </p><pre>https://prefeitura-rio.github.io/sms-rjcore-fhir/ImplementationGuide/org.rj-sms.br.core</pre><div><p>Este é o Guia de Implementação criado pela Prefeitura do Rio de Janeiro</p>
</div></div></text><url value="https://prefeitura-rio.github.io/sms-rjcore-fhir/ImplementationGuide/org.rj-sms.br.core"/><version value="0.1.0"/><name value="RJCore"/><title value="RJ Core Guia de Implementação"/><status value="draft"/><date value="2023-07-15T19:34:18+00:00"/><publisher value="Secretaria Municipal de Saúde da Prefeitura do Rio de Janeiro"/><contact><name value="Secretaria Municipal de Saúde da Prefeitura do Rio de Janeiro"/><telecom><system value="url"/><value value="https://prefeitura.rio/"/></telecom></contact><description value="Este é o Guia de Implementação criado pela Prefeitura do Rio de Janeiro"/><jurisdiction><coding><system value="urn:iso:std:iso:3166"/><code value="BR"/><display value="Brazil"/></coding></jurisdiction><packageId value="org.rj-sms.br.core"/><license value="CC0-1.0"/><fhirVersion value="4.0.1"/><dependsOn id="hl7tx"><extension url="http://hl7.org/fhir/tools/StructureDefinition/implementationguide-dependency-comment"><valueMarkdown value="Automatically added as a dependency - all IGs depend on HL7 Terminology"/></extension><uri value="http://terminology.hl7.org/ImplementationGuide/hl7.terminology"/><packageId value="hl7.terminology.r4"/><version value="5.0.0"/></dependsOn><dependsOn id="hl7ext"><extension url="http://hl7.org/fhir/tools/StructureDefinition/implementationguide-dependency-comment"><valueMarkdown value="Automatically added as a dependency - all IGs depend on the HL7 Extension Pack"/></extension><uri value="http://hl7.org/fhir/extensions/ImplementationGuide/hl7.fhir.uv.extensions"/><packageId value="hl7.fhir.uv.extensions.r4"/><version value="1.0.0"/></dependsOn><dependsOn id="hl7_fhir_uv_ips"><uri value="http://hl7.org/fhir/uv/ips/ImplementationGuide/hl7.fhir.uv.ips"/><packageId value="hl7.fhir.uv.ips"/><version value="1.0.0"/></dependsOn><definition><extension url="http://hl7.org/fhir/tools/StructureDefinition/ig-parameter"><extension url="code"><valueString value="copyrightyear"/></extension><extension url="value"><valueString value="2023+"/></extension></extension><extension url="http://hl7.org/fhir/tools/StructureDefinition/ig-parameter"><extension url="code"><valueString value="releaselabel"/></extension><extension url="value"><valueString value="draft"/></extension></extension><extension url="http://hl7.org/fhir/tools/StructureDefinition/ig-parameter"><extension url="code"><valueString value="autoload-resources"/></extension><extension url="value"><valueString value="true"/></extension></extension><extension url="http://hl7.org/fhir/tools/StructureDefinition/ig-parameter"><extension url="code"><valueString value="path-liquid"/></extension><extension url="value"><valueString value="template/liquid"/></extension></extension><extension url="http://hl7.org/fhir/tools/StructureDefinition/ig-parameter"><extension url="code"><valueString value="path-liquid"/></extension><extension url="value"><valueString value="input/liquid"/></extension></extension><extension url="http://hl7.org/fhir/tools/StructureDefinition/ig-parameter"><extension url="code"><valueString value="path-qa"/></extension><extension url="value"><valueString value="temp/qa"/></extension></extension><extension url="http://hl7.org/fhir/tools/StructureDefinition/ig-parameter"><extension url="code"><valueString value="path-temp"/></extension><extension url="value"><valueString value="temp/pages"/></extension></extension><extension url="http://hl7.org/fhir/tools/StructureDefinition/ig-parameter"><extension url="code"><valueString value="path-output"/></extension><extension url="value"><valueString value="output"/></extension></extension><extension url="http://hl7.org/fhir/tools/StructureDefinition/ig-parameter"><extension url="code"><valueString value="path-suppressed-warnings"/></extension><extension url="value"><valueString value="input/ignoreWarnings.txt"/></extension></extension><extension url="http://hl7.org/fhir/tools/StructureDefinition/ig-parameter"><extension url="code"><valueString value="path-history"/></extension><extension url="value"><valueString value="https://prefeitura-rio.github.io/sms-rjcore-fhir/history.html"/></extension></extension><extension url="http://hl7.org/fhir/tools/StructureDefinition/ig-parameter"><extension url="code"><valueString value="template-html"/></extension><extension url="value"><valueString value="template-page.html"/></extension></extension><extension url="http://hl7.org/fhir/tools/StructureDefinition/ig-parameter"><extension url="code"><valueString value="template-md"/></extension><extension url="value"><valueString value="template-page-md.html"/></extension></extension><extension url="http://hl7.org/fhir/tools/StructureDefinition/ig-parameter"><extension url="code"><valueString value="apply-contact"/></extension><extension url="value"><valueString value="true"/></extension></extension><extension url="http://hl7.org/fhir/tools/StructureDefinition/ig-parameter"><extension url="code"><valueString value="apply-context"/></extension><extension url="value"><valueString value="true"/></extension></extension><extension url="http://hl7.org/fhir/tools/StructureDefinition/ig-parameter"><extension url="code"><valueString value="apply-copyright"/></extension><extension url="value"><valueString value="true"/></extension></extension><extension url="http://hl7.org/fhir/tools/StructureDefinition/ig-parameter"><extension url="code"><valueString value="apply-jurisdiction"/></extension><extension url="value"><valueString value="true"/></extension></extension><extension url="http://hl7.org/fhir/tools/StructureDefinition/ig-parameter"><extension url="code"><valueString value="apply-license"/></extension><extension url="value"><valueString value="true"/></extension></extension><extension url="http://hl7.org/fhir/tools/StructureDefinition/ig-parameter"><extension url="code"><valueString value="apply-publisher"/></extension><extension url="value"><valueString value="true"/></extension></extension><extension url="http://hl7.org/fhir/tools/StructureDefinition/ig-parameter"><extension url="code"><valueString value="apply-version"/></extension><extension url="value"><valueString value="true"/></extension></extension><extension url="http://hl7.org/fhir/tools/StructureDefinition/ig-parameter"><extension url="code"><valueString value="active-tables"/></extension><extension url="value"><valueString value="true"/></extension></extension><extension url="http://hl7.org/fhir/tools/StructureDefinition/ig-parameter"><extension url="code"><valueString value="fmm-definition"/></extension><extension url="value"><valueString value="http://hl7.org/fhir/versions.html#maturity"/></extension></extension><extension url="http://hl7.org/fhir/tools/StructureDefinition/ig-parameter"><extension url="code"><valueString value="propagate-status"/></extension><extension url="value"><valueString value="true"/></extension></extension><extension url="http://hl7.org/fhir/tools/StructureDefinition/ig-parameter"><extension url="code"><valueString value="excludelogbinaryformat"/></extension><extension url="value"><valueString value="true"/></extension></extension><extension url="http://hl7.org/fhir/tools/StructureDefinition/ig-parameter"><extension url="code"><valueString value="tabbed-snapshots"/></extension><extension url="value"><valueString value="true"/></extension></extension><extension url="http://hl7.org/fhir/tools/StructureDefinition/ig-internal-dependency"><valueCode value="hl7.fhir.uv.tools#current"/></extension><extension url="http://hl7.org/fhir/tools/StructureDefinition/ig-parameter"><extension url="code"><valueCode value="copyrightyear"/></extension><extension url="value"><valueString value="2023+"/></extension></extension><extension url="http://hl7.org/fhir/tools/StructureDefinition/ig-parameter"><extension url="code"><valueCode value="releaselabel"/></extension><extension url="value"><valueString value="draft"/></extension></extension><extension url="http://hl7.org/fhir/tools/StructureDefinition/ig-parameter"><extension url="code"><valueCode value="autoload-resources"/></extension><extension url="value"><valueString value="true"/></extension></extension><extension url="http://hl7.org/fhir/tools/StructureDefinition/ig-parameter"><extension url="code"><valueCode value="path-liquid"/></extension><extension url="value"><valueString value="template/liquid"/></extension></extension><extension url="http://hl7.org/fhir/tools/StructureDefinition/ig-parameter"><extension url="code"><valueCode value="path-liquid"/></extension><extension url="value"><valueString value="input/liquid"/></extension></extension><extension url="http://hl7.org/fhir/tools/StructureDefinition/ig-parameter"><extension url="code"><valueCode value="path-qa"/></extension><extension url="value"><valueString value="temp/qa"/></extension></extension><extension url="http://hl7.org/fhir/tools/StructureDefinition/ig-parameter"><extension url="code"><valueCode value="path-temp"/></extension><extension url="value"><valueString value="temp/pages"/></extension></extension><extension url="http://hl7.org/fhir/tools/StructureDefinition/ig-parameter"><extension url="code"><valueCode value="path-output"/></extension><extension url="value"><valueString value="output"/></extension></extension><extension url="http://hl7.org/fhir/tools/StructureDefinition/ig-parameter"><extension url="code"><valueCode value="path-suppressed-warnings"/></extension><extension url="value"><valueString value="input/ignoreWarnings.txt"/></extension></extension><extension url="http://hl7.org/fhir/tools/StructureDefinition/ig-parameter"><extension url="code"><valueCode value="path-history"/></extension><extension url="value"><valueString value="https://prefeitura-rio.github.io/sms-rjcore-fhir/history.html"/></extension></extension><extension url="http://hl7.org/fhir/tools/StructureDefinition/ig-parameter"><extension url="code"><valueCode value="template-html"/></extension><extension url="value"><valueString value="template-page.html"/></extension></extension><extension url="http://hl7.org/fhir/tools/StructureDefinition/ig-parameter"><extension url="code"><valueCode value="template-md"/></extension><extension url="value"><valueString value="template-page-md.html"/></extension></extension><extension url="http://hl7.org/fhir/tools/StructureDefinition/ig-parameter"><extension url="code"><valueCode value="apply-contact"/></extension><extension url="value"><valueString value="true"/></extension></extension><extension url="http://hl7.org/fhir/tools/StructureDefinition/ig-parameter"><extension url="code"><valueCode value="apply-context"/></extension><extension url="value"><valueString value="true"/></extension></extension><extension url="http://hl7.org/fhir/tools/StructureDefinition/ig-parameter"><extension url="code"><valueCode value="apply-copyright"/></extension><extension url="value"><valueString value="true"/></extension></extension><extension url="http://hl7.org/fhir/tools/StructureDefinition/ig-parameter"><extension url="code"><valueCode value="apply-jurisdiction"/></extension><extension url="value"><valueString value="true"/></extension></extension><extension url="http://hl7.org/fhir/tools/StructureDefinition/ig-parameter"><extension url="code"><valueCode value="apply-license"/></extension><extension url="value"><valueString value="true"/></extension></extension><extension url="http://hl7.org/fhir/tools/StructureDefinition/ig-parameter"><extension url="code"><valueCode value="apply-publisher"/></extension><extension url="value"><valueString value="true"/></extension></extension><extension url="http://hl7.org/fhir/tools/StructureDefinition/ig-parameter"><extension url="code"><valueCode value="apply-version"/></extension><extension url="value"><valueString value="true"/></extension></extension><extension url="http://hl7.org/fhir/tools/StructureDefinition/ig-parameter"><extension url="code"><valueCode value="active-tables"/></extension><extension url="value"><valueString value="true"/></extension></extension><extension url="http://hl7.org/fhir/tools/StructureDefinition/ig-parameter"><extension url="code"><valueCode value="fmm-definition"/></extension><extension url="value"><valueString value="http://hl7.org/fhir/versions.html#maturity"/></extension></extension><extension url="http://hl7.org/fhir/tools/StructureDefinition/ig-parameter"><extension url="code"><valueCode value="propagate-status"/></extension><extension url="value"><valueString value="true"/></extension></extension><extension url="http://hl7.org/fhir/tools/StructureDefinition/ig-parameter"><extension url="code"><valueCode value="excludelogbinaryformat"/></extension><extension url="value"><valueString value="true"/></extension></extension><extension url="http://hl7.org/fhir/tools/StructureDefinition/ig-parameter"><extension url="code"><valueCode value="tabbed-snapshots"/></extension><extension url="value"><valueString value="true"/></extension></extension><extension url="http://hl7.org/fhir/tools/StructureDefinition/ig-parameter"><extension url="code"><valueCode value="copyrightyear"/></extension><extension url="value"><valueString value="2023+"/></extension></extension><extension url="http://hl7.org/fhir/tools/StructureDefinition/ig-parameter"><extension url="code"><valueCode value="releaselabel"/></extension><extension url="value"><valueString value="draft"/></extension></extension><extension url="http://hl7.org/fhir/tools/StructureDefinition/ig-parameter"><extension url="code"><valueCode value="autoload-resources"/></extension><extension url="value"><valueString value="true"/></extension></extension><extension url="http://hl7.org/fhir/tools/StructureDefinition/ig-parameter"><extension url="code"><valueCode value="path-liquid"/></extension><extension url="value"><valueString value="template/liquid"/></extension></extension><extension url="http://hl7.org/fhir/tools/StructureDefinition/ig-parameter"><extension url="code"><valueCode value="path-liquid"/></extension><extension url="value"><valueString value="input/liquid"/></extension></extension><extension url="http://hl7.org/fhir/tools/StructureDefinition/ig-parameter"><extension url="code"><valueCode value="path-qa"/></extension><extension url="value"><valueString value="temp/qa"/></extension></extension><extension url="http://hl7.org/fhir/tools/StructureDefinition/ig-parameter"><extension url="code"><valueCode value="path-temp"/></extension><extension url="value"><valueString value="temp/pages"/></extension></extension><extension url="http://hl7.org/fhir/tools/StructureDefinition/ig-parameter"><extension url="code"><valueCode value="path-output"/></extension><extension url="value"><valueString value="output"/></extension></extension><extension url="http://hl7.org/fhir/tools/StructureDefinition/ig-parameter"><extension url="code"><valueCode value="path-suppressed-warnings"/></extension><extension url="value"><valueString value="input/ignoreWarnings.txt"/></extension></extension><extension url="http://hl7.org/fhir/tools/StructureDefinition/ig-parameter"><extension url="code"><valueCode value="path-history"/></extension><extension url="value"><valueString value="https://prefeitura-rio.github.io/sms-rjcore-fhir/history.html"/></extension></extension><extension url="http://hl7.org/fhir/tools/StructureDefinition/ig-parameter"><extension url="code"><valueCode value="template-html"/></extension><extension url="value"><valueString value="template-page.html"/></extension></extension><extension url="http://hl7.org/fhir/tools/StructureDefinition/ig-parameter"><extension url="code"><valueCode value="template-md"/></extension><extension url="value"><valueString value="template-page-md.html"/></extension></extension><extension url="http://hl7.org/fhir/tools/StructureDefinition/ig-parameter"><extension url="code"><valueCode value="apply-contact"/></extension><extension url="value"><valueString value="true"/></extension></extension><extension url="http://hl7.org/fhir/tools/StructureDefinition/ig-parameter"><extension url="code"><valueCode value="apply-context"/></extension><extension url="value"><valueString value="true"/></extension></extension><extension url="http://hl7.org/fhir/tools/StructureDefinition/ig-parameter"><extension url="code"><valueCode value="apply-copyright"/></extension><extension url="value"><valueString value="true"/></extension></extension><extension url="http://hl7.org/fhir/tools/StructureDefinition/ig-parameter"><extension url="code"><valueCode value="apply-jurisdiction"/></extension><extension url="value"><valueString value="true"/></extension></extension><extension url="http://hl7.org/fhir/tools/StructureDefinition/ig-parameter"><extension url="code"><valueCode value="apply-license"/></extension><extension url="value"><valueString value="true"/></extension></extension><extension url="http://hl7.org/fhir/tools/StructureDefinition/ig-parameter"><extension url="code"><valueCode value="apply-publisher"/></extension><extension url="value"><valueString value="true"/></extension></extension><extension url="http://hl7.org/fhir/tools/StructureDefinition/ig-parameter"><extension url="code"><valueCode value="apply-version"/></extension><extension url="value"><valueString value="true"/></extension></extension><extension url="http://hl7.org/fhir/tools/StructureDefinition/ig-parameter"><extension url="code"><valueCode value="active-tables"/></extension><extension url="value"><valueString value="true"/></extension></extension><extension url="http://hl7.org/fhir/tools/StructureDefinition/ig-parameter"><extension url="code"><valueCode value="fmm-definition"/></extension><extension url="value"><valueString value="http://hl7.org/fhir/versions.html#maturity"/></extension></extension><extension url="http://hl7.org/fhir/tools/StructureDefinition/ig-parameter"><extension url="code"><valueCode value="propagate-status"/></extension><extension url="value"><valueString value="true"/></extension></extension><extension url="http://hl7.org/fhir/tools/StructureDefinition/ig-parameter"><extension url="code"><valueCode value="excludelogbinaryformat"/></extension><extension url="value"><valueString value="true"/></extension></extension><extension url="http://hl7.org/fhir/tools/StructureDefinition/ig-parameter"><extension url="code"><valueCode value="tabbed-snapshots"/></extension><extension url="value"><valueString value="true"/></extension></extension><grouping id="-str-profile"><name value="Estruturas: Perfis de Recursos"/><description value="Estes definem restrições em recursos FHIR para sistemas em conformidade com este guia de implementação."/></grouping><grouping id="-str-datatype"><name value="Estruturas: Perfis de Tipos de Dados"/><description value="Estes definem restrições em tipos de dados FHIR para sistemas em conformidade com este guia de implementação."/></grouping><grouping id="-str-extension"><name value="Estruturas: Definições de Extensão"/><description value="Estes definem restrições em tipos de dados FHIR para sistemas em conformidade com este guia de implementação."/></grouping><grouping id="-term-valueset"><name value="Terminologia: Conjuntos de Valores"/><description value="Estes definem conjuntos de códigos usados por sistemas em conformidade com este guia de implementação."/></grouping><grouping id="-term-codesystem"><name value="Terminologia: Sistemas de Código"/><description value="Estes definem novos sistemas de código usados por sistemas em conformidade com este guia de implementação."/></grouping><resource><extension url="http://hl7.org/fhir/StructureDefinition/implementationguide-page"><valueUri value="StructureDefinition-BRNaturalizacao-1.0.html"/></extension><reference><reference value="StructureDefinition/BRNaturalizacao-1.0"/></reference><name value="Dados de Naturalização"/><description value="Extensão para as informações de naturalização de um indivíduo."/><exampleBoolean value="false"/><groupingId value="-str-extension"/></resource><resource><extension url="http://hl7.org/fhir/StructureDefinition/implementationguide-page"><valueUri value="StructureDefinition-BRDocumentoIndividuo-1.0.html"/></extension><reference><reference value="StructureDefinition/BRDocumentoIndividuo-1.0"/></reference><name value="Documento do Indivíduo"/><description value="Padronização de identificação de indivíduo no Brasil."/><exampleBoolean value="false"/><groupingId value="-str-datatype"/></resource><resource><extension url="http://hl7.org/fhir/StructureDefinition/implementationguide-page"><valueUri value="StructureDefinition-BREndereco-1.0.html"/></extension><reference><reference value="StructureDefinition/BREndereco-1.0"/></reference><name value="Endereço"/><description value="Padronização de endereços no Brasil."/><exampleBoolean value="false"/><groupingId value="-str-datatype"/></resource><resource><extension url="http://hl7.org/fhir/StructureDefinition/implementationguide-page"><valueUri value="ValueSet-BREstadoDocumento-1.0.html"/></extension><reference><reference value="ValueSet/BREstadoDocumento-1.0"/></reference><name value="Estados de um documento"/><description value="Classifica o estado de um documento."/><exampleBoolean value="false"/><groupingId value="-term-valueset"/></resource><resource><extension url="http://hl7.org/fhir/StructureDefinition/implementationguide-page"><valueUri value="ValueSet-BREtniaIndigena-1.0.html"/></extension><reference><reference value="ValueSet/BREtniaIndigena-1.0"/></reference><name value="Etnia Indígena"/><description value="Códigos para representação de etnias indígenas no Brasil."/><exampleBoolean value="false"/><groupingId value="-term-valueset"/></resource><resource><extension url="http://hl7.org/fhir/StructureDefinition/implementationguide-page"><valueUri value="CodeSystem-BREtniaIndigena.html"/></extension><reference><reference value="CodeSystem/BREtniaIndigena"/></reference><name value="Etnia Indígena"/><description value="Códigos para representação de etnias indígenas no Brasil."/><exampleBoolean value="false"/><groupingId value="-term-codesystem"/></resource><resource><extension url="http://hl7.org/fhir/StructureDefinition/implementationguide-page"><valueUri value="StructureDefinition-BRIdentidadeGenero-1.0.html"/></extension><reference><reference value="StructureDefinition/BRIdentidadeGenero-1.0"/></reference><name value="Identidade de gênero"/><description value="Extensão para identificar a identidade de gênero do paciente"/><exampleBoolean value="false"/><groupingId value="-str-extension"/></resource><resource><extension url="http://hl7.org/fhir/StructureDefinition/implementationguide-page"><valueUri value="CodeSystem-BRIdentidadeGenero.html"/></extension><reference><reference value="CodeSystem/BRIdentidadeGenero"/></reference><name value="Identidade de Gênero"/><description value="Identidade de gênero é a experiência pessoal do gênero de cada pessoa. Ela pode ou não corresponder ao sexo atribuído no nascimento, incluindo a vivência do gênero e outras características de gênero, como a expressão de gênero. A identidade de gênero é uma experiência interna e individual e não pode ser atribuída a alguém por outra pessoa. A identidade de gênero pode ser a mesma ou diferente do sexo atribuído no nascimento."/><exampleBoolean value="false"/><groupingId value="-term-codesystem"/></resource><resource><extension url="http://hl7.org/fhir/StructureDefinition/implementationguide-page"><valueUri value="ValueSet-BRIdentidadeGenero-1.0.html"/></extension><reference><reference value="ValueSet/BRIdentidadeGenero-1.0"/></reference><name value="IdentidadeGenero"/><description value="Identidade de gênero"/><exampleBoolean value="false"/><groupingId value="-term-valueset"/></resource><resource><extension url="http://hl7.org/fhir/StructureDefinition/implementationguide-page"><valueUri value="StructureDefinition-BRIndividuo-1.0.html"/></extension><reference><reference value="StructureDefinition/BRIndividuo-1.0"/></reference><name value="Indivíduo"/><description value="Indíviduo, sujeito da assistência à saúde."/><exampleBoolean value="false"/><groupingId value="-str-profile"/></resource><resource><extension url="http://hl7.org/fhir/StructureDefinition/implementationguide-page"><valueUri value="StructureDefinition-BRIndividuoProtegido-1.0.html"/></extension><reference><reference value="StructureDefinition/BRIndividuoProtegido-1.0"/></reference><name value="Indivíduo Protegido?"/><description value="Extensão utilizada para identificar indivíduos que possuem  maior restrição à disponibilização de seus dados, por possuirem grande exposição pública (ex.: político, esportista, artista famoso etc.), estarem em programa de proteção à testemunha, o objeto de seu trabalho colocá-los em risco (investigadores da inteligência, p.ex.), dentre outros."/><exampleBoolean value="false"/><groupingId value="-str-extension"/></resource><resource><extension url="http://hl7.org/fhir/StructureDefinition/implementationguide-page"><valueUri value="StructureDefinition-BRJurisdicaoOrgaoEmissor-1.0.html"/></extension><reference><reference value="StructureDefinition/BRJurisdicaoOrgaoEmissor-1.0"/></reference><name value="Jurisdição do Órgão Expedidor"/><description value="Jurisdição de Órgãos Expedidores"/><exampleBoolean value="false"/><groupingId value="-str-extension"/></resource><resource><extension url="http://hl7.org/fhir/StructureDefinition/implementationguide-page"><valueUri value="StructureDefinition-BRMeioContato-1.0.html"/></extension><reference><reference value="StructureDefinition/BRMeioContato-1.0"/></reference><name value="Meio de Contato"/><description value="Padronização de meios de contato no Brasil."/><exampleBoolean value="false"/><groupingId value="-str-datatype"/></resource><resource><extension url="http://hl7.org/fhir/StructureDefinition/implementationguide-page"><valueUri value="StructureDefinition-BRMunicipio-1.0.html"/></extension><reference><reference value="StructureDefinition/BRMunicipio-1.0"/></reference><name value="Município"/><description value="Extensão para informar um município."/><exampleBoolean value="false"/><groupingId value="-str-extension"/></resource><resource><extension url="http://hl7.org/fhir/StructureDefinition/implementationguide-page"><valueUri value="ValueSet-BRMunicipio-1.0.html"/></extension><reference><reference value="ValueSet/BRMunicipio-1.0"/></reference><name value="Município"/><description value="Municípios brasileiros, entes subnacionais."/><exampleBoolean value="false"/><groupingId value="-term-valueset"/></resource><resource><extension url="http://hl7.org/fhir/StructureDefinition/implementationguide-page"><valueUri value="StructureDefinition-BRNacionalidade.html"/></extension><reference><reference value="StructureDefinition/BRNacionalidade"/></reference><name value="Nacionalidade"/><description value="Extensão para representar uma nacionalidade."/><exampleBoolean value="false"/><groupingId value="-str-extension"/></resource><resource><extension url="http://hl7.org/fhir/StructureDefinition/implementationguide-page"><valueUri value="ValueSet-BRNacionalidade.html"/></extension><reference><reference value="ValueSet/BRNacionalidade"/></reference><name value="Nacionalidade"/><description value="Códigos para representação de nacionalidade."/><exampleBoolean value="false"/><groupingId value="-term-valueset"/></resource><resource><extension url="http://hl7.org/fhir/StructureDefinition/implementationguide-page"><valueUri value="CodeSystem-BRNacionalidade.html"/></extension><reference><reference value="CodeSystem/BRNacionalidade"/></reference><name value="Nacionalidade"/><description value="Define a nacionalidade de um dado indivíduo."/><exampleBoolean value="false"/><groupingId value="-term-codesystem"/></resource><resource><extension url="http://hl7.org/fhir/StructureDefinition/implementationguide-page"><valueUri value="ValueSet-BRNaturezaJuridica-1.0.html"/></extension><reference><reference value="ValueSet/BRNaturezaJuridica-1.0"/></reference><name value="Natureza Jurídica"/><description value="Identifica a constituição jurídico-institucional das entidades públicas e privadas nos cadastros da administração pública do Brasil."/><exampleBoolean value="false"/><groupingId value="-term-valueset"/></resource><resource><extension url="http://hl7.org/fhir/StructureDefinition/implementationguide-page"><valueUri value="CodeSystem-BRNaturezaJuridica.html"/></extension><reference><reference value="CodeSystem/BRNaturezaJuridica"/></reference><name value="Natureza Jurídica"/><description value="Identifica a constituição jurídico-institucional das entidades públicas e privadas nos cadastros da administração pública do Brasil."/><exampleBoolean value="false"/><groupingId value="-term-codesystem"/></resource><resource><extension url="http://hl7.org/fhir/StructureDefinition/implementationguide-page"><valueUri value="StructureDefinition-BRNomeIndividuo-1.0.html"/></extension><reference><reference value="StructureDefinition/BRNomeIndividuo-1.0"/></reference><name value="Nome de Indivíduos"/><description value="Padronização de uso de nomes de indivíduo no Brasil."/><exampleBoolean value="false"/><groupingId value="-str-datatype"/></resource><resource><extension url="http://hl7.org/fhir/StructureDefinition/implementationguide-page"><valueUri value="StructureDefinition-BRParentesIndividuo-1.0.html"/></extension><reference><reference value="StructureDefinition/BRParentesIndividuo-1.0"/></reference><name value="Parentes do Indivíduo"/><description value="Resource para representar parentescos de indivíduo."/><exampleBoolean value="false"/><groupingId value="-str-extension"/></resource><resource><extension url="http://hl7.org/fhir/StructureDefinition/implementationguide-page"><valueUri value="ValueSet-BRParentesco-1.0.html"/></extension><reference><reference value="ValueSet/BRParentesco-1.0"/></reference><name value="Parentesco"/><description value="Classificação da relação familiar entre indivíduos."/><exampleBoolean value="false"/><groupingId value="-term-valueset"/></resource><resource><extension url="http://hl7.org/fhir/StructureDefinition/implementationguide-page"><valueUri value="CodeSystem-BRParentesco.html"/></extension><reference><reference value="CodeSystem/BRParentesco"/></reference><name value="Parentesco"/><description value="Classificação da relação familiar entre indivíduos."/><exampleBoolean value="false"/><groupingId value="-term-codesystem"/></resource><resource><extension url="http://hl7.org/fhir/StructureDefinition/implementationguide-page"><valueUri value="StructureDefinition-BRPais-1.0.html"/></extension><reference><reference value="StructureDefinition/BRPais-1.0"/></reference><name value="País"/><description value="Extensão para representar um país."/><exampleBoolean value="false"/><groupingId value="-str-extension"/></resource><resource><extension url="http://hl7.org/fhir/StructureDefinition/implementationguide-page"><valueUri value="ValueSet-BRPais-1.0.html"/></extension><reference><reference value="ValueSet/BRPais-1.0"/></reference><name value="País"/><description value="Códigos para representação de países."/><exampleBoolean value="false"/><groupingId value="-term-valueset"/></resource><resource><extension url="http://hl7.org/fhir/StructureDefinition/implementationguide-page"><valueUri value="CodeSystem-BRPais.html"/></extension><reference><reference value="CodeSystem/BRPais"/></reference><name value="País"/><description value="Códigos para representação de países."/><exampleBoolean value="false"/><groupingId value="-term-codesystem"/></resource><resource><extension url="http://hl7.org/fhir/StructureDefinition/implementationguide-page"><valueUri value="StructureDefinition-BRQualidadeCadastroIndividuo-1.0.html"/></extension><reference><reference value="StructureDefinition/BRQualidadeCadastroIndividuo-1.0"/></reference><name value="Qualidade do Cadastro do Indivíduo"/><description value="Grau de qualidade de um registro de um indivíduo, vai de 0 até 100."/><exampleBoolean value="false"/><groupingId value="-str-extension"/></resource><resource><extension url="http://hl7.org/fhir/StructureDefinition/implementationguide-page"><valueUri value="ValueSet-BRRacaCor-1.0.html"/></extension><reference><reference value="ValueSet/BRRacaCor-1.0"/></reference><name value="Raça/Cor"/><description value="Códigos para representação de raça/cor no Brasil."/><exampleBoolean value="false"/><groupingId value="-term-valueset"/></resource><resource><extension url="http://hl7.org/fhir/StructureDefinition/implementationguide-page"><valueUri value="CodeSystem-BRRacaCor.html"/></extension><reference><reference value="CodeSystem/BRRacaCor"/></reference><name value="Raça/Cor"/><description value="Códigos para representação de raça/cor."/><exampleBoolean value="false"/><groupingId value="-term-codesystem"/></resource><resource><extension url="http://hl7.org/fhir/StructureDefinition/implementationguide-page"><valueUri value="StructureDefinition-BRRacaCorEtnia-1.0.html"/></extension><reference><reference value="StructureDefinition/BRRacaCorEtnia-1.0"/></reference><name value="Raça/Cor e Etnina"/><description value="Extensão para para representar dados relacionados à raça/cor e etnia de um indivíduo."/><exampleBoolean value="false"/><groupingId value="-str-extension"/></resource><resource><extension url="http://hl7.org/fhir/StructureDefinition/implementationguide-page"><valueUri value="StructureDefinition-BRSexo-1.0.html"/></extension><reference><reference value="StructureDefinition/BRSexo-1.0"/></reference><name value="Sexo"/><description value="Extensão para identificar a sexo atual do paciente"/><exampleBoolean value="false"/><groupingId value="-str-extension"/></resource><resource><extension url="http://hl7.org/fhir/StructureDefinition/implementationguide-page"><valueUri value="ValueSet-BRSexo-1.0.html"/></extension><reference><reference value="ValueSet/BRSexo-1.0"/></reference><name value="Sexo"/><description value="Sexo do paciente"/><exampleBoolean value="false"/><groupingId value="-term-valueset"/></resource><resource><extension url="http://hl7.org/fhir/StructureDefinition/implementationguide-page"><valueUri value="CodeSystem-BRSexo.html"/></extension><reference><reference value="CodeSystem/BRSexo"/></reference><name value="Sexo"/><description value="Sexo"/><exampleBoolean value="false"/><groupingId value="-term-codesystem"/></resource><resource><extension url="http://hl7.org/fhir/StructureDefinition/implementationguide-page"><valueUri value="StructureDefinition-BRSexoNascimento-1.0.html"/></extension><reference><reference value="StructureDefinition/BRSexoNascimento-1.0"/></reference><name value="Sexo Nascimento"/><description value="Extensão para identificar a sexo nascimento do paciente"/><exampleBoolean value="false"/><groupingId value="-str-extension"/></resource><resource><extension url="http://hl7.org/fhir/StructureDefinition/implementationguide-page"><valueUri value="ValueSet-BRTipoDocumento-1.0.html"/></extension><reference><reference value="ValueSet/BRTipoDocumento-1.0"/></reference><name value="Tipo de Documento"/><description value="Classifica o tipo de documento que está sendo trafegado."/><exampleBoolean value="false"/><groupingId value="-term-valueset"/></resource><resource><extension url="http://hl7.org/fhir/StructureDefinition/implementationguide-page"><valueUri value="CodeSystem-BRTipoDocumento.html"/></extension><reference><reference value="CodeSystem/BRTipoDocumento"/></reference><name value="Tipo de Documento"/><description value="Classificação dos tipos de documentos compartilhados no Brasil."/><exampleBoolean value="false"/><groupingId value="-term-codesystem"/></resource><resource><extension url="http://hl7.org/fhir/StructureDefinition/implementationguide-page"><valueUri value="ValueSet-BRTipoDocumentoIndividuo-1.0.html"/></extension><reference><reference value="ValueSet/BRTipoDocumentoIndividuo-1.0"/></reference><name value="Tipo de Documento do Indivíduo"/><description value="Classifica o tipo de documento que está sendo utilizado para identificar o indivíduo."/><exampleBoolean value="false"/><groupingId value="-term-valueset"/></resource><resource><extension url="http://hl7.org/fhir/StructureDefinition/implementationguide-page"><valueUri value="CodeSystem-BRTipoIdentificador.html"/></extension><reference><reference value="CodeSystem/BRTipoIdentificador"/></reference><name value="Tipo de Identificador"/><description value="Classifica o tipo de indicador que está sendo utilizado."/><exampleBoolean value="false"/><groupingId value="-term-codesystem"/></resource><resource><extension url="http://hl7.org/fhir/StructureDefinition/implementationguide-page"><valueUri value="ValueSet-BRTipoLogradouro-1.0.html"/></extension><reference><reference value="ValueSet/BRTipoLogradouro-1.0"/></reference><name value="Tipo de Logradouro"/><description value="Classifica o tipo de logradouro."/><exampleBoolean value="false"/><groupingId value="-term-valueset"/></resource><resource><extension url="http://hl7.org/fhir/StructureDefinition/implementationguide-page"><valueUri value="CodeSystem-BRTipoLogradouro.html"/></extension><reference><reference value="CodeSystem/BRTipoLogradouro"/></reference><name value="Tipo de Logradouro"/><description value="Classificação os tipos de logradouros existentes para uso em endereços estruturados."/><exampleBoolean value="false"/><groupingId value="-term-codesystem"/></resource><resource><extension url="http://hl7.org/fhir/StructureDefinition/implementationguide-page"><valueUri value="ValueSet-BRUnidadeFederativa-1.0.html"/></extension><reference><reference value="ValueSet/BRUnidadeFederativa-1.0"/></reference><name value="Unidade Federativa"/><description value="Os estados e o Distrito Federal, entes subnacionais brasileiros."/><exampleBoolean value="false"/><groupingId value="-term-valueset"/></resource><resource><extension url="http://hl7.org/fhir/StructureDefinition/implementationguide-page"><valueUri value="ValueSet-BROrgaoExpedidor-1.0.html"/></extension><reference><reference value="ValueSet/BROrgaoExpedidor-1.0"/></reference><name value="Órgão Expedidor"/><description value="Lista de órgãos responsáveis por expedir documentos no Brasil."/><exampleBoolean value="false"/><groupingId value="-term-valueset"/></resource><resource><extension url="http://hl7.org/fhir/StructureDefinition/implementationguide-page"><valueUri value="CodeSystem-BROrgaoExpedidor.html"/></extension><reference><reference value="CodeSystem/BROrgaoExpedidor"/></reference><name value="Órgão Expedidor"/><description value="Órgãos responsáveis por expedir documentos no Brasil."/><exampleBoolean value="false"/><groupingId value="-term-codesystem"/></resource><page><extension url="http://hl7.org/fhir/tools/StructureDefinition/ig-page-name"><valueUrl value="toc.html"/></extension><nameUrl value="toc.html"/><title value="Table of Contents"/><generation value="html"/><page><extension url="http://hl7.org/fhir/tools/StructureDefinition/ig-page-name"><valueUrl value="index.html"/></extension><nameUrl value="index.html"/><title value="Home"/><generation value="markdown"/></page><page><extension url="http://hl7.org/fhir/tools/StructureDefinition/ig-page-name"><valueUrl value="ImplementationGuide-org.rj-sms.br.core.html"/></extension><nameUrl value="ImplementationGuide-org.rj-sms.br.core.html"/><title value="Implementation Guide Org Rj Sms Br Core"/><generation value="markdown"/></page><page><extension url="http://hl7.org/fhir/tools/StructureDefinition/ig-page-name"><valueUrl value="artifacts.html"/></extension><nameUrl value="artifacts.html"/><title value="Resumo de Artefatos"/><generation value="html"/><page><extension url="http://hl7.org/fhir/tools/StructureDefinition/ig-page-name"><valueUrl value="StructureDefinition-BRIndividuo-1.0.html"/></extension><nameUrl value="StructureDefinition-BRIndividuo-1.0.html"/><title value="Indivíduo"/><generation value="generated"/></page><page><extension url="http://hl7.org/fhir/tools/StructureDefinition/ig-page-name"><valueUrl value="StructureDefinition-BRDocumentoIndividuo-1.0.html"/></extension><nameUrl value="StructureDefinition-BRDocumentoIndividuo-1.0.html"/><title value="Documento do Indivíduo"/><generation value="generated"/></page><page><extension url="http://hl7.org/fhir/tools/StructureDefinition/ig-page-name"><valueUrl value="StructureDefinition-BREndereco-1.0.html"/></extension><nameUrl value="StructureDefinition-BREndereco-1.0.html"/><title value="Endereço"/><generation value="generated"/></page><page><extension url="http://hl7.org/fhir/tools/StructureDefinition/ig-page-name"><valueUrl value="StructureDefinition-BRMeioContato-1.0.html"/></extension><nameUrl value="StructureDefinition-BRMeioContato-1.0.html"/><title value="Meio de Contato"/><generation value="generated"/></page><page><extension url="http://hl7.org/fhir/tools/StructureDefinition/ig-page-name"><valueUrl value="StructureDefinition-BRNomeIndividuo-1.0.html"/></extension><nameUrl value="StructureDefinition-BRNomeIndividuo-1.0.html"/><title value="Nome de Indivíduos"/><generation value="generated"/></page><page><extension url="http://hl7.org/fhir/tools/StructureDefinition/ig-page-name"><valueUrl value="StructureDefinition-BRNaturalizacao-1.0.html"/></extension><nameUrl value="StructureDefinition-BRNaturalizacao-1.0.html"/><title value="Dados de Naturalização"/><generation value="generated"/></page><page><extension url="http://hl7.org/fhir/tools/StructureDefinition/ig-page-name"><valueUrl value="StructureDefinition-BRIdentidadeGenero-1.0.html"/></extension><nameUrl value="StructureDefinition-BRIdentidadeGenero-1.0.html"/><title value="Identidade de gênero"/><generation value="generated"/></page><page><extension url="http://hl7.org/fhir/tools/StructureDefinition/ig-page-name"><valueUrl value="StructureDefinition-BRIndividuoProtegido-1.0.html"/></extension><nameUrl value="StructureDefinition-BRIndividuoProtegido-1.0.html"/><title value="Indivíduo Protegido?"/><generation value="generated"/></page><page><extension url="http://hl7.org/fhir/tools/StructureDefinition/ig-page-name"><valueUrl value="StructureDefinition-BRJurisdicaoOrgaoEmissor-1.0.html"/></extension><nameUrl value="StructureDefinition-BRJurisdicaoOrgaoEmissor-1.0.html"/><title value="Jurisdição do Órgão Expedidor"/><generation value="generated"/></page><page><extension url="http://hl7.org/fhir/tools/StructureDefinition/ig-page-name"><valueUrl value="StructureDefinition-BRMunicipio-1.0.html"/></extension><nameUrl value="StructureDefinition-BRMunicipio-1.0.html"/><title value="Município"/><generation value="generated"/></page><page><extension url="http://hl7.org/fhir/tools/StructureDefinition/ig-page-name"><valueUrl value="StructureDefinition-BRNacionalidade.html"/></extension><nameUrl value="StructureDefinition-BRNacionalidade.html"/><title value="Nacionalidade"/><generation value="generated"/></page><page><extension url="http://hl7.org/fhir/tools/StructureDefinition/ig-page-name"><valueUrl value="StructureDefinition-BRParentesIndividuo-1.0.html"/></extension><nameUrl value="StructureDefinition-BRParentesIndividuo-1.0.html"/><title value="Parentes do Indivíduo"/><generation value="generated"/></page><page><extension url="http://hl7.org/fhir/tools/StructureDefinition/ig-page-name"><valueUrl value="StructureDefinition-BRPais-1.0.html"/></extension><nameUrl value="StructureDefinition-BRPais-1.0.html"/><title value="País"/><generation value="generated"/></page><page><extension url="http://hl7.org/fhir/tools/StructureDefinition/ig-page-name"><valueUrl value="StructureDefinition-BRQualidadeCadastroIndividuo-1.0.html"/></extension><nameUrl value="StructureDefinition-BRQualidadeCadastroIndividuo-1.0.html"/><title value="Qualidade do Cadastro do Indivíduo"/><generation value="generated"/></page><page><extension url="http://hl7.org/fhir/tools/StructureDefinition/ig-page-name"><valueUrl value="StructureDefinition-BRRacaCorEtnia-1.0.html"/></extension><nameUrl value="StructureDefinition-BRRacaCorEtnia-1.0.html"/><title value="Raça/Cor e Etnina"/><generation value="generated"/></page><page><extension url="http://hl7.org/fhir/tools/StructureDefinition/ig-page-name"><valueUrl value="StructureDefinition-BRSexo-1.0.html"/></extension><nameUrl value="StructureDefinition-BRSexo-1.0.html"/><title value="Sexo"/><generation value="generated"/></page><page><extension url="http://hl7.org/fhir/tools/StructureDefinition/ig-page-name"><valueUrl value="StructureDefinition-BRSexoNascimento-1.0.html"/></extension><nameUrl value="StructureDefinition-BRSexoNascimento-1.0.html"/><title value="Sexo Nascimento"/><generation value="generated"/></page><page><extension url="http://hl7.org/fhir/tools/StructureDefinition/ig-page-name"><valueUrl value="ValueSet-BREstadoDocumento-1.0.html"/></extension><nameUrl value="ValueSet-BREstadoDocumento-1.0.html"/><title value="Estados de um documento"/><generation value="generated"/></page><page><extension url="http://hl7.org/fhir/tools/StructureDefinition/ig-page-name"><valueUrl value="ValueSet-BREtniaIndigena-1.0.html"/></extension><nameUrl value="ValueSet-BREtniaIndigena-1.0.html"/><title value="Etnia Indígena"/><generation value="generated"/></page><page><extension url="http://hl7.org/fhir/tools/StructureDefinition/ig-page-name"><valueUrl value="ValueSet-BRIdentidadeGenero-1.0.html"/></extension><nameUrl value="ValueSet-BRIdentidadeGenero-1.0.html"/><title value="IdentidadeGenero"/><generation value="generated"/></page><page><extension url="http://hl7.org/fhir/tools/StructureDefinition/ig-page-name"><valueUrl value="ValueSet-BRMunicipio-1.0.html"/></extension><nameUrl value="ValueSet-BRMunicipio-1.0.html"/><title value="Município"/><generation value="generated"/></page><page><extension url="http://hl7.org/fhir/tools/StructureDefinition/ig-page-name"><valueUrl value="ValueSet-BRNacionalidade.html"/></extension><nameUrl value="ValueSet-BRNacionalidade.html"/><title value="Nacionalidade"/><generation value="generated"/></page><page><extension url="http://hl7.org/fhir/tools/StructureDefinition/ig-page-name"><valueUrl value="ValueSet-BRNaturezaJuridica-1.0.html"/></extension><nameUrl value="ValueSet-BRNaturezaJuridica-1.0.html"/><title value="Natureza Jurídica"/><generation value="generated"/></page><page><extension url="http://hl7.org/fhir/tools/StructureDefinition/ig-page-name"><valueUrl value="ValueSet-BRParentesco-1.0.html"/></extension><nameUrl value="ValueSet-BRParentesco-1.0.html"/><title value="Parentesco"/><generation value="generated"/></page><page><extension url="http://hl7.org/fhir/tools/StructureDefinition/ig-page-name"><valueUrl value="ValueSet-BRPais-1.0.html"/></extension><nameUrl value="ValueSet-BRPais-1.0.html"/><title value="País"/><generation value="generated"/></page><page><extension url="http://hl7.org/fhir/tools/StructureDefinition/ig-page-name"><valueUrl value="ValueSet-BRRacaCor-1.0.html"/></extension><nameUrl value="ValueSet-BRRacaCor-1.0.html"/><title value="Raça/Cor"/><generation value="generated"/></page><page><extension url="http://hl7.org/fhir/tools/StructureDefinition/ig-page-name"><valueUrl value="ValueSet-BRSexo-1.0.html"/></extension><nameUrl value="ValueSet-BRSexo-1.0.html"/><title value="Sexo"/><generation value="generated"/></page><page><extension url="http://hl7.org/fhir/tools/StructureDefinition/ig-page-name"><valueUrl value="ValueSet-BRTipoDocumento-1.0.html"/></extension><nameUrl value="ValueSet-BRTipoDocumento-1.0.html"/><title value="Tipo de Documento"/><generation value="generated"/></page><page><extension url="http://hl7.org/fhir/tools/StructureDefinition/ig-page-name"><valueUrl value="ValueSet-BRTipoDocumentoIndividuo-1.0.html"/></extension><nameUrl value="ValueSet-BRTipoDocumentoIndividuo-1.0.html"/><title value="Tipo de Documento do Indivíduo"/><generation value="generated"/></page><page><extension url="http://hl7.org/fhir/tools/StructureDefinition/ig-page-name"><valueUrl value="ValueSet-BRTipoLogradouro-1.0.html"/></extension><nameUrl value="ValueSet-BRTipoLogradouro-1.0.html"/><title value="Tipo de Logradouro"/><generation value="generated"/></page><page><extension url="http://hl7.org/fhir/tools/StructureDefinition/ig-page-name"><valueUrl value="ValueSet-BRUnidadeFederativa-1.0.html"/></extension><nameUrl value="ValueSet-BRUnidadeFederativa-1.0.html"/><title value="Unidade Federativa"/><generation value="generated"/></page><page><extension url="http://hl7.org/fhir/tools/StructureDefinition/ig-page-name"><valueUrl value="ValueSet-BROrgaoExpedidor-1.0.html"/></extension><nameUrl value="ValueSet-BROrgaoExpedidor-1.0.html"/><title value="Órgão Expedidor"/><generation value="generated"/></page><page><extension url="http://hl7.org/fhir/tools/StructureDefinition/ig-page-name"><valueUrl value="CodeSystem-BREtniaIndigena.html"/></extension><nameUrl value="CodeSystem-BREtniaIndigena.html"/><title value="Etnia Indígena"/><generation value="generated"/></page><page><extension url="http://hl7.org/fhir/tools/StructureDefinition/ig-page-name"><valueUrl value="CodeSystem-BRIdentidadeGenero.html"/></extension><nameUrl value="CodeSystem-BRIdentidadeGenero.html"/><title value="Identidade de Gênero"/><generation value="generated"/></page><page><extension url="http://hl7.org/fhir/tools/StructureDefinition/ig-page-name"><valueUrl value="CodeSystem-BRNacionalidade.html"/></extension><nameUrl value="CodeSystem-BRNacionalidade.html"/><title value="Nacionalidade"/><generation value="generated"/></page><page><extension url="http://hl7.org/fhir/tools/StructureDefinition/ig-page-name"><valueUrl value="CodeSystem-BRNaturezaJuridica.html"/></extension><nameUrl value="CodeSystem-BRNaturezaJuridica.html"/><title value="Natureza Jurídica"/><generation value="generated"/></page><page><extension url="http://hl7.org/fhir/tools/StructureDefinition/ig-page-name"><valueUrl value="CodeSystem-BRParentesco.html"/></extension><nameUrl value="CodeSystem-BRParentesco.html"/><title value="Parentesco"/><generation value="generated"/></page><page><extension url="http://hl7.org/fhir/tools/StructureDefinition/ig-page-name"><valueUrl value="CodeSystem-BRPais.html"/></extension><nameUrl value="CodeSystem-BRPais.html"/><title value="País"/><generation value="generated"/></page><page><extension url="http://hl7.org/fhir/tools/StructureDefinition/ig-page-name"><valueUrl value="CodeSystem-BRRacaCor.html"/></extension><nameUrl value="CodeSystem-BRRacaCor.html"/><title value="Raça/Cor"/><generation value="generated"/></page><page><extension url="http://hl7.org/fhir/tools/StructureDefinition/ig-page-name"><valueUrl value="CodeSystem-BRSexo.html"/></extension><nameUrl value="CodeSystem-BRSexo.html"/><title value="Sexo"/><generation value="generated"/></page><page><extension url="http://hl7.org/fhir/tools/StructureDefinition/ig-page-name"><valueUrl value="CodeSystem-BRTipoDocumento.html"/></extension><nameUrl value="CodeSystem-BRTipoDocumento.html"/><title value="Tipo de Documento"/><generation value="generated"/></page><page><extension url="http://hl7.org/fhir/tools/StructureDefinition/ig-page-name"><valueUrl value="CodeSystem-BRTipoIdentificador.html"/></extension><nameUrl value="CodeSystem-BRTipoIdentificador.html"/><title value="Tipo de Identificador"/><generation value="generated"/></page><page><extension url="http://hl7.org/fhir/tools/StructureDefinition/ig-page-name"><valueUrl value="CodeSystem-BRTipoLogradouro.html"/></extension><nameUrl value="CodeSystem-BRTipoLogradouro.html"/><title value="Tipo de Logradouro"/><generation value="generated"/></page><page><extension url="http://hl7.org/fhir/tools/StructureDefinition/ig-page-name"><valueUrl value="CodeSystem-BROrgaoExpedidor.html"/></extension><nameUrl value="CodeSystem-BROrgaoExpedidor.html"/><title value="Órgão Expedidor"/><generation value="generated"/></page></page></page><parameter><code value="path-resource"/><value value="input/capabilities"/></parameter><parameter><code value="path-resource"/><value value="input/examples"/></parameter><parameter><code value="path-resource"/><value value="input/extensions"/></parameter><parameter><code value="path-resource"/><value value="input/models"/></parameter><parameter><code value="path-resource"/><value value="input/operations"/></parameter><parameter><code value="path-resource"/><value value="input/profiles"/></parameter><parameter><code value="path-resource"/><value value="input/resources"/></parameter><parameter><code value="path-resource"/><value value="input/vocabulary"/></parameter><parameter><code value="path-resource"/><value value="input/maps"/></parameter><parameter><code value="path-resource"/><value value="input/testing"/></parameter><parameter><code value="path-resource"/><value value="input/history"/></parameter><parameter><code value="path-resource"/><value value="fsh-generated/resources"/></parameter><parameter><code value="path-pages"/><value value="template/config"/></parameter><parameter><code value="path-pages"/><value value="input/images"/></parameter><parameter><code value="path-tx-cache"/><value value="input-cache/txcache"/></parameter></definition></ImplementationGuide>