<?xml version="1.0" encoding="UTF-8"?><ValueSet xmlns="http://hl7.org/fhir"><id value="BRPais-1.0"/><text><status value="generated"/><div xmlns="http://www.w3.org/1999/xhtml"><ul><li>Include all codes defined in <a href="CodeSystem-BRPais.html"><code>https://prefeitura-rio.github.io/sms-rjcore-fhir/CodeSystem/BRPais</code></a></li></ul></div></text><url value="https://prefeitura-rio.github.io/sms-rjcore-fhir/ValueSet/BRPais-1.0"/><version value="0.1.0"/><name value="Pais"/><title value="País"/><status value="draft"/><date value="2023-07-15T19:34:18+00:00"/><publisher value="Secretaria Municipal de Saúde da Prefeitura do Rio de Janeiro"/><contact><name value="Secretaria Municipal de Saúde da Prefeitura do Rio de Janeiro"/><telecom><system value="url"/><value value="https://prefeitura.rio/"/></telecom></contact><description value="Códigos para representação de países."/><jurisdiction><coding><system value="urn:iso:std:iso:3166"/><code value="BR"/><display value="Brazil"/></coding></jurisdiction><compose><include><system value="https://prefeitura-rio.github.io/sms-rjcore-fhir/CodeSystem/BRPais"/></include></compose></ValueSet>