{
  "resourceType" : "CodeSystem",
  "id" : "BRIdentidadeGenero",
  "text" : {
    "status" : "generated",
    "div" : "<div xmlns=\"http://www.w3.org/1999/xhtml\"><p>This code system <code>https://prefeitura-rio.github.io/sms-rjcore-fhir/CodeSystem/BRIdentidadeGenero</code> defines the following codes:</p><table class=\"codes\"><tr><td style=\"white-space:nowrap\"><b>Code</b></td><td><b>Display</b></td><td><b>Definition</b></td></tr><tr><td style=\"white-space:nowrap\">CIS<a name=\"BRIdentidadeGenero-CIS\"> </a></td><td>Cisgênero</td><td>Identidade de gênero é a mesma do sexo atribuído no nascimento.</td></tr><tr><td style=\"white-space:nowrap\">TRANS<a name=\"BRIdentidadeGenero-TRANS\"> </a></td><td>Transgênero</td><td>Identidade de gênero é diferente do sexo atribuído no nascimento.</td></tr><tr><td style=\"white-space:nowrap\">NON<a name=\"BRIdentidadeGenero-NON\"> </a></td><td>Não-binário</td><td>Identidade de gênero não é exclusivamente masculina ou feminina.</td></tr><tr><td style=\"white-space:nowrap\">OUT<a name=\"BRIdentidadeGenero-OUT\"> </a></td><td>Outro</td><td>Outro tipo de identidade de gênero.</td></tr></table></div>"
  },
  "url" : "https://prefeitura-rio.github.io/sms-rjcore-fhir/CodeSystem/BRIdentidadeGenero",
  "version" : "0.1.0",
  "name" : "IdentidadeGenero",
  "title" : "Identidade de Gênero",
  "status" : "draft",
  "date" : "2023-07-15T19:34:18+00:00",
  "publisher" : "Secretaria Municipal de Saúde da Prefeitura do Rio de Janeiro",
  "contact" : [{
    "name" : "Secretaria Municipal de Saúde da Prefeitura do Rio de Janeiro",
    "telecom" : [{
      "system" : "url",
      "value" : "https://prefeitura.rio/"
    }]
  }],
  "description" : "Identidade de gênero é a experiência pessoal do gênero de cada pessoa. Ela pode ou não corresponder ao sexo atribuído no nascimento, incluindo a vivência do gênero e outras características de gênero, como a expressão de gênero. A identidade de gênero é uma experiência interna e individual e não pode ser atribuída a alguém por outra pessoa. A identidade de gênero pode ser a mesma ou diferente do sexo atribuído no nascimento.",
  "jurisdiction" : [{
    "coding" : [{
      "system" : "urn:iso:std:iso:3166",
      "code" : "BR",
      "display" : "Brazil"
    }]
  }],
  "content" : "complete",
  "count" : 4,
  "concept" : [{
    "code" : "CIS",
    "display" : "Cisgênero",
    "definition" : "Identidade de gênero é a mesma do sexo atribuído no nascimento."
  },
  {
    "code" : "TRANS",
    "display" : "Transgênero",
    "definition" : "Identidade de gênero é diferente do sexo atribuído no nascimento."
  },
  {
    "code" : "NON",
    "display" : "Não-binário",
    "definition" : "Identidade de gênero não é exclusivamente masculina ou feminina."
  },
  {
    "code" : "OUT",
    "display" : "Outro",
    "definition" : "Outro tipo de identidade de gênero."
  }]
}