<?xml version="1.0" encoding="UTF-8"?>

<CodeSystem xmlns="http://hl7.org/fhir">
  <id value="BRSexo"/>
  <text>
    <status value="generated"/><div xmlns="http://www.w3.org/1999/xhtml"><p>This code system <code>https://prefeitura-rio.github.io/sms-rjcore-fhir/CodeSystem/BRSexo</code> defines the following codes:</p><table class="codes"><tr><td style="white-space:nowrap"><b>Code</b></td><td><b>Display</b></td><td><b>Definition</b></td></tr><tr><td style="white-space:nowrap">M<a name="BRSexo-M"> </a></td><td>Masculino</td><td>Sexo masculino.</td></tr><tr><td style="white-space:nowrap">F<a name="BRSexo-F"> </a></td><td>Feminino</td><td>Sexo feminino.</td></tr><tr><td style="white-space:nowrap">I<a name="BRSexo-I"> </a></td><td>Indeterminado</td><td>Sexo indeterminado.</td></tr><tr><td style="white-space:nowrap">NI<a name="BRSexo-NI"> </a></td><td>Não informado</td><td>Sexo não informado.</td></tr><tr><td style="white-space:nowrap">O<a name="BRSexo-O"> </a></td><td>Outro</td><td>Outro.</td></tr></table></div>
  </text>
  <url value="https://prefeitura-rio.github.io/sms-rjcore-fhir/CodeSystem/BRSexo"/>
  <version value="0.1.0"/>
  <name value="Sexo"/>
  <title value="Sexo"/>
  <status value="draft"/>
  <date value="2023-07-15T19:34:18+00:00"/>
  <publisher value="Secretaria Municipal de Saúde da Prefeitura do Rio de Janeiro"/>
  <contact>
    <name value="Secretaria Municipal de Saúde da Prefeitura do Rio de Janeiro"/>
    <telecom>
      <system value="url"/>
      <value value="https://prefeitura.rio/"/>
    </telecom>
  </contact>
  <description value="Sexo"/>
  <jurisdiction>
    <coding>
      <system value="urn:iso:std:iso:3166"/>
      <code value="BR"/>
      <display value="Brazil"/>
    </coding>
  </jurisdiction>
  <content value="complete"/>
  <count value="5"/>
  <concept>
    <code value="M"/>
    <display value="Masculino"/>
    <definition value="Sexo masculino."/>
  </concept>
  <concept>
    <code value="F"/>
    <display value="Feminino"/>
    <definition value="Sexo feminino."/>
  </concept>
  <concept>
    <code value="I"/>
    <display value="Indeterminado"/>
    <definition value="Sexo indeterminado."/>
  </concept>
  <concept>
    <code value="NI"/>
    <display value="Não informado"/>
    <definition value="Sexo não informado."/>
  </concept>
  <concept>
    <code value="O"/>
    <display value="Outro"/>
    <definition value="Outro."/>
  </concept>
</CodeSystem>