{
  "resourceType" : "CodeSystem",
  "id" : "BRRacaCor",
  "text" : {
    "status" : "generated",
    "div" : "<div xmlns=\"http://www.w3.org/1999/xhtml\"><p>This code system <code>https://prefeitura-rio.github.io/sms-rjcore-fhir/CodeSystem/BRRacaCor</code> defines the following codes:</p><table class=\"codes\"><tr><td style=\"white-space:nowrap\"><b>Code</b></td><td><b>Display</b></td></tr><tr><td style=\"white-space:nowrap\">01<a name=\"BRRacaCor-01\"> </a></td><td>Branca</td></tr><tr><td style=\"white-space:nowrap\">02<a name=\"BRRacaCor-02\"> </a></td><td>Preta</td></tr><tr><td style=\"white-space:nowrap\">03<a name=\"BRRacaCor-03\"> </a></td><td>Parda</td></tr><tr><td style=\"white-space:nowrap\">04<a name=\"BRRacaCor-04\"> </a></td><td>Amarela</td></tr><tr><td style=\"white-space:nowrap\">05<a name=\"BRRacaCor-05\"> </a></td><td>Indígena</td></tr><tr><td style=\"white-space:nowrap\">99<a name=\"BRRacaCor-99\"> </a></td><td>Sem informação</td></tr></table></div>"
  },
  "url" : "https://prefeitura-rio.github.io/sms-rjcore-fhir/CodeSystem/BRRacaCor",
  "version" : "0.1.0",
  "name" : "RacaCor",
  "title" : "Raça/Cor",
  "status" : "draft",
  "date" : "2023-07-15T19:34:18+00:00",
  "publisher" : "Secretaria Municipal de Saúde da Prefeitura do Rio de Janeiro",
  "contact" : [{
    "name" : "Secretaria Municipal de Saúde da Prefeitura do Rio de Janeiro",
    "telecom" : [{
      "system" : "url",
      "value" : "https://prefeitura.rio/"
    }]
  }],
  "description" : "Códigos para representação de raça/cor.",
  "jurisdiction" : [{
    "coding" : [{
      "system" : "urn:iso:std:iso:3166",
      "code" : "BR",
      "display" : "Brazil"
    }]
  }],
  "content" : "complete",
  "count" : 6,
  "concept" : [{
    "code" : "01",
    "display" : "Branca"
  },
  {
    "code" : "02",
    "display" : "Preta"
  },
  {
    "code" : "03",
    "display" : "Parda"
  },
  {
    "code" : "04",
    "display" : "Amarela"
  },
  {
    "code" : "05",
    "display" : "Indígena"
  },
  {
    "code" : "99",
    "display" : "Sem informação"
  }]
}